{"type":"FeatureCollection","features":[{"type":"Feature","properties":{"Label":"OPAH RU MULTISITES QUIMPERLE SCAER","Type":"OPAH-RU","Date_debut":"2025-09-01","Date_fin":"2030-08-31","Maitre_ouvrage":"LE PRÉSIDENT DE QUIMPERLÉ COMMUNAUTÉ"},"geometry":{"type":"MultiPolygon","coordinates":[]}},{"type":"Feature","properties":{"Label":"OPAH RU LESNEVEN 2022 2027","Type":"OPAH-RU","Date_debut":"2022-09-01","Date_fin":"2027-08-31","Maitre_ouvrage":"POUR LA PRÉSIDENTE DE LA CTÉ LESNEVEN COTE DES LÉGENDES, LE VICE PRÉSIDENT EN CHARGE DE L'AMÉNAGEMENT"},"geometry":{"type":"MultiPolygon","coordinates":[[[[-4.327892,48.5680491],[-4.3276774,48.568636],[-4.3275344,48.5687354],[-4.3273055,48.5687732],[-4.3275987,48.5677225],[-4.3276488,48.5672444],[-4.32747,48.5669747],[-4.3250392,48.5671957],[-4.3226789,48.567404],[-4.3208908,48.5675649],[-4.3198751,48.5676785],[-4.3191026,48.5678394],[-4.3184732,48.5681139],[-4.3180726,48.5685304],[-4.3177211,48.569043],[-4.3176495,48.5695684],[-4.3176424,48.5705102],[-4.3175637,48.5713195],[-4.3174707,48.5714757],[-4.317013,48.5718354],[-4.316126,48.572337],[-4.3160974,48.5727157],[-4.3166625,48.5740029],[-4.3170273,48.5746749],[-4.3176424,48.5751955],[-4.3187224,48.5761088],[-4.3189441,48.5762697],[-4.319781,48.576194],[-4.3218981,48.576052],[-4.3225061,48.5760095],[-4.3236505,48.5760804],[-4.3244373,48.5760568],[-4.3253171,48.5759337],[-4.3262469,48.5758107],[-4.3267047,48.5756545],[-4.3268906,48.5754558],[-4.3269836,48.5751529],[-4.3270551,48.574798],[-4.3278062,48.574514],[-4.3282139,48.5747696],[-4.3288719,48.5750204],[-4.3296015,48.5752807],[-4.3296086,48.5746465],[-4.3295657,48.57317],[-4.3300235,48.5729144],[-4.331032,48.5724459],[-4.3334138,48.5716413],[-4.3331706,48.5713526],[-4.3329417,48.5711444],[-4.332627,48.5710308],[-4.3332206,48.5708699],[-4.3336069,48.570761],[-4.3350374,48.5705528],[-4.3349444,48.5700748],[-4.3352377,48.5700984],[-4.3351089,48.5698807],[-4.3348157,48.5691755],[-4.3345725,48.5686786],[-4.3335282,48.5693932],[-4.333049,48.5697293],[-4.3319761,48.5702546],[-4.3317973,48.5701174],[-4.3318617,48.5697955],[-4.3319117,48.5691519],[-4.3319046,48.5690099],[-4.3319761,48.5686407],[-4.3320476,48.5682289],[-4.3321621,48.5680159],[-4.3313824,48.5678408],[-4.3313181,48.5679118],[-4.3311893,48.5678834],[-4.331032,48.567926],[-4.3310177,48.5681816],[-4.3297588,48.568565],[-4.3296015,48.5684135],[-4.3291437,48.5685508],[-4.3286716,48.567926],[-4.327892,48.5680491]]]]}},{"type":"Feature","properties":{"Label":"OPAH RU HYPER CENTRE ST BRIEUC VALANT CONVENTION ACTION COEUR DE VILLE","Type":"OPAH-RU","Date_debut":"2019-02-15","Date_fin":"2024-12-31","Maitre_ouvrage":"MADAME LA PRÉSIDENTE DE SAINT-BRIEUC ARMOR AGGLOMÉRATION"},"geometry":{"type":"MultiPolygon","coordinates":[[[[-2.755535,48.5144883],[-2.7568117,48.5147904],[-2.7572033,48.5148828],[-2.7575842,48.5149041],[-2.7585276,48.514833],[-2.7588609,48.5157605],[-2.7599606,48.515494],[-2.7599821,48.5155224],[-2.7601475,48.5162831],[-2.7615583,48.5165034],[-2.7619079,48.5167945],[-2.7632812,48.5168159],[-2.7640271,48.5168851],[-2.7641881,48.5170467],[-2.764459,48.5172635],[-2.7647781,48.5175122],[-2.7651188,48.5175762],[-2.765379,48.5172919],[-2.7654799,48.517308],[-2.7659198,48.5176207],[-2.7665588,48.5177149],[-2.7671704,48.5173844],[-2.7683445,48.5168603],[-2.7684149,48.5168443],[-2.769005,48.5165742],[-2.7693475,48.5162618],[-2.769815,48.5161336],[-2.7701798,48.5161833],[-2.7703783,48.514833],[-2.7697095,48.5140964],[-2.7680103,48.5124739],[-2.7679077,48.5123707],[-2.7676642,48.5122762],[-2.7669511,48.5119305],[-2.7664954,48.5118384],[-2.7661754,48.51179],[-2.7662972,48.511578],[-2.7661789,48.5115734],[-2.7659876,48.5115688],[-2.7658345,48.5116102],[-2.7657798,48.5116032],[-2.7644387,48.5113237],[-2.7645058,48.5107553],[-2.7645465,48.5097886],[-2.7630766,48.509618],[-2.7623412,48.5110014],[-2.7619406,48.510947],[-2.760773,48.5109067],[-2.7593782,48.5108001],[-2.7589123,48.5107207],[-2.7580233,48.5114233],[-2.756532,48.5104496],[-2.7560285,48.5101173],[-2.7557925,48.5102594],[-2.7563557,48.5105828],[-2.7560929,48.5107818],[-2.7557596,48.511139],[-2.7556262,48.5112971],[-2.7556047,48.5114109],[-2.7556852,48.5119297],[-2.7555557,48.5122549],[-2.7554169,48.5123988],[-2.7554277,48.5128537],[-2.7554805,48.51349],[-2.7554545,48.5140726],[-2.755535,48.5144883]]]]}},{"type":"Feature","properties":{"Label":"OPAH RU ACV DU CENTRE HISTORIQUE DE VITRE","Type":"OPAH-RU","Date_debut":"2021-05-25","Date_fin":"2026-05-24","Maitre_ouvrage":"MONSIEUR LE 3ÈME ADJOINT DE LA VILLE DE VITRÉ DÉLÉGUÉ AU LOGEMENT, À L'URBANISME ET AU FONCIER, AU TITRE DE LA VILLE DE VITRÉ"},"geometry":{"type":"MultiPolygon","coordinates":[[[[-1.2151156,48.1267387],[-1.215494,48.1268607],[-1.2161592,48.1266315],[-1.2162987,48.1269037],[-1.2162451,48.1270039],[-1.2163309,48.1271758],[-1.2164596,48.127405],[-1.2167171,48.1274121],[-1.2168351,48.1276126],[-1.2169103,48.1277559],[-1.2170283,48.1279707],[-1.2171141,48.1281999],[-1.2171892,48.1284362],[-1.2174789,48.1284004],[-1.2176076,48.1286152],[-1.2179724,48.128608],[-1.2179939,48.1287226],[-1.2181119,48.1289804],[-1.2183694,48.1289518],[-1.2185732,48.1289303],[-1.2187234,48.1287942],[-1.2186483,48.1285293],[-1.2187663,48.1283288],[-1.2187127,48.12825],[-1.218584,48.1281282],[-1.218305,48.1282142],[-1.2179939,48.1280495],[-1.2178222,48.1280423],[-1.2177686,48.1277559],[-1.2175969,48.1272331],[-1.2174896,48.1267963],[-1.2175325,48.1266817],[-1.2172536,48.1261517],[-1.2174252,48.1261231],[-1.2176613,48.1258295],[-1.2178651,48.1257507],[-1.218305,48.1256218],[-1.218305,48.1255287],[-1.218584,48.1254213],[-1.2178437,48.1244759],[-1.2181548,48.1236738],[-1.2180295,48.123597],[-1.2182119,48.1233105],[-1.2180617,48.1232604],[-1.2183192,48.1230527],[-1.2177506,48.1230742],[-1.2174287,48.1230455],[-1.2175897,48.1228235],[-1.2173858,48.1227662],[-1.2170747,48.1225872],[-1.2167314,48.1226015],[-1.216667,48.1227877],[-1.2163237,48.1227447],[-1.215755,48.1226373],[-1.2156799,48.1222076],[-1.2135449,48.1222792],[-1.2109485,48.1223365],[-1.2109314,48.1226279],[-1.2097405,48.1226494],[-1.2088714,48.1226565],[-1.2072192,48.122764],[-1.2065755,48.1228714],[-1.2058459,48.1230361],[-1.2048481,48.1233154],[-1.2040113,48.1236234],[-1.2032603,48.1240316],[-1.2033032,48.1241247],[-1.2032495,48.1243968],[-1.2034105,48.1244255],[-1.2035178,48.1243181],[-1.204301,48.1244112],[-1.2045048,48.1244828],[-1.2046872,48.1244613],[-1.2046228,48.1247693],[-1.2047408,48.1248337],[-1.2046443,48.1250987],[-1.2037752,48.1250772],[-1.2037538,48.1256286],[-1.2041078,48.1255284],[-1.2045263,48.1254066],[-1.2050413,48.1254926],[-1.2051056,48.1253135],[-1.2052129,48.1250844],[-1.2054275,48.12507],[-1.2057494,48.1248337],[-1.2057494,48.1245974],[-1.206039,48.1246117],[-1.2060498,48.1248767],[-1.2062858,48.1250056],[-1.2068544,48.1249841],[-1.2069403,48.1250629],[-1.2071441,48.1250342],[-1.2071012,48.1249196],[-1.2072836,48.1249053],[-1.2073694,48.1251703],[-1.2077342,48.1251417],[-1.2081312,48.1250915],[-1.2084637,48.1249698],[-1.2087105,48.1248265],[-1.20885,48.1249411],[-1.208968,48.1250915],[-1.2091289,48.1253279],[-1.2091289,48.1254854],[-1.2091075,48.1258506],[-1.2091397,48.126087],[-1.2092899,48.126087],[-1.2101804,48.1258077],[-1.2119506,48.125421],[-1.2129913,48.1252133],[-1.2137209,48.1251202],[-1.2140535,48.12507],[-1.2145363,48.1250557],[-1.2146114,48.1252849],[-1.2148689,48.1252849],[-1.2149654,48.125421],[-1.2149869,48.1255069],[-1.2151371,48.1254782],[-1.2154053,48.1254997],[-1.2155341,48.1255284],[-1.2154268,48.1257504],[-1.2152229,48.1258578],[-1.2151585,48.1259509],[-1.215298,48.1259652],[-1.2154053,48.1260368],[-1.2156628,48.1262732],[-1.215577,48.1263376],[-1.2154053,48.1261872],[-1.2151478,48.1261514],[-1.2148045,48.1261443],[-1.2151156,48.1267387]]]]}},{"type":"Feature","properties":{"Label":"OPAH RU CENTRE VILLE DE QUIMPER 2023 2028","Type":"OPAH-RU","Date_debut":"2023-05-15","Date_fin":"2028-05-15","Maitre_ouvrage":"POUR QBO, LE VICE PRÉSIDENT EN CHARGE DE L'AMÉNAGEMENT, DE L'HABITAT ET DES GENS DU VOYAGE"},"geometry":{"type":"MultiPolygon","coordinates":[[[[-4.1104585,47.9958128],[-4.1107696,47.9955795],[-4.1107911,47.9954826],[-4.1096538,47.9950662],[-4.1093615,47.9950195],[-4.1096565,47.99491],[-4.1102761,47.9941543],[-4.1107804,47.9941005],[-4.111408,47.994043],[-4.1114724,47.9938456],[-4.111577,47.9934399],[-4.1116682,47.993063],[-4.1117164,47.992975],[-4.1120625,47.9926627],[-4.1123307,47.9924563],[-4.1125801,47.9922678],[-4.1135484,47.9918065],[-4.1140473,47.9915157],[-4.1147178,47.9911998],[-4.1149861,47.9915911],[-4.1151685,47.9918675],[-4.1156244,47.9917203],[-4.1158819,47.9917526],[-4.1159946,47.9918567],[-4.1164613,47.9919357],[-4.116869,47.9919178],[-4.1169763,47.9913577],[-4.1172177,47.9911998],[-4.1174245,47.9907604],[-4.1175791,47.9905713],[-4.118139,47.9902537],[-4.1184057,47.9901002],[-4.1187469,47.9898825],[-4.1192268,47.9896363],[-4.1196054,47.9893758],[-4.1197962,47.9894842],[-4.1198881,47.9895364],[-4.1200374,47.989465],[-4.1196748,47.9892009],[-4.120192,47.9888619],[-4.1205329,47.9885753],[-4.1199374,47.9880906],[-4.1199267,47.9879686],[-4.1199642,47.9879039],[-4.120211,47.9878034],[-4.1202539,47.9878465],[-4.1204095,47.9877747],[-4.1202754,47.9876562],[-4.1205436,47.987491],[-4.1206294,47.9875557],[-4.1209245,47.9873977],[-4.1211069,47.9872649],[-4.1214126,47.9871751],[-4.1212249,47.9870315],[-4.1216058,47.9867766],[-4.1213429,47.9866222],[-4.1214824,47.9864139],[-4.1215253,47.986299],[-4.1214877,47.9856922],[-4.1217291,47.9856707],[-4.1216969,47.9853188],[-4.1215307,47.9853081],[-4.1215307,47.9847802],[-4.1216004,47.9846043],[-4.1213858,47.9846007],[-4.1214556,47.9844535],[-4.1215521,47.9842883],[-4.1218042,47.9842776],[-4.1219652,47.9839077],[-4.1217935,47.9837857],[-4.1216379,47.9836097],[-4.1214877,47.9833332],[-4.1214234,47.9830927],[-4.1213375,47.9829095],[-4.1214019,47.9827156],[-4.1214716,47.98259],[-4.1215521,47.9824715],[-4.1212571,47.9823781],[-4.1217345,47.9819005],[-4.1214824,47.9818503],[-4.1217238,47.9816348],[-4.1213483,47.9815486],[-4.1213912,47.9814661],[-4.121815,47.9815343],[-4.1219008,47.981186],[-4.1216648,47.9811573],[-4.1217506,47.9809562],[-4.1219813,47.98101],[-4.1223729,47.9803924],[-4.1215467,47.9804032],[-4.1210961,47.9804606],[-4.1205919,47.9809741],[-4.1203129,47.9814014],[-4.1199106,47.9821519],[-4.1196638,47.9828198],[-4.1196746,47.9829778],[-4.119637,47.9835415],[-4.1194707,47.9838036],[-4.1199267,47.9838108],[-4.1200179,47.9841196],[-4.1199589,47.9843745],[-4.1202325,47.9843853],[-4.1202754,47.9847515],[-4.1200715,47.9847228],[-4.119755,47.9858071],[-4.1194814,47.9867586],[-4.119578,47.9871105],[-4.1196638,47.9873905],[-4.1193259,47.9874192],[-4.119283,47.9875413],[-4.1190898,47.9880763],[-4.1189396,47.988604],[-4.1187412,47.9885681],[-4.1187251,47.9887405],[-4.1182637,47.9888769],[-4.117974,47.9889344],[-4.1178614,47.9889415],[-4.1172928,47.9888446],[-4.1163164,47.9886507],[-4.1160375,47.9886076],[-4.1155547,47.9885287],[-4.1153562,47.9884999],[-4.1152114,47.9884892],[-4.114911,47.9883599],[-4.1144121,47.9880727],[-4.113248,47.9891246],[-4.1131514,47.989078],[-4.1121966,47.9902089],[-4.111526,47.9907043],[-4.1108662,47.9911495],[-4.1086078,47.9924706],[-4.1080391,47.9928261],[-4.1078997,47.9927686],[-4.1064298,47.9935979],[-4.1058826,47.9940789],[-4.105432,47.9942369],[-4.1049814,47.994359],[-4.1043913,47.9945385],[-4.1039729,47.9937989],[-4.103753,47.993404],[-4.1034418,47.9934292],[-4.1031146,47.9934615],[-4.1028249,47.9934938],[-4.1024011,47.9935225],[-4.1020578,47.9935369],[-4.1014463,47.9935117],[-4.1012853,47.9935153],[-4.1006309,47.9934794],[-4.1001588,47.9934507],[-4.0998423,47.9934256],[-4.0994346,47.9931886],[-4.0991288,47.9933861],[-4.0990645,47.9935656],[-4.0988499,47.9935261],[-4.0988606,47.9933538],[-4.0983188,47.9933789],[-4.0983188,47.9930307],[-4.0976483,47.9930307],[-4.0976107,47.9930953],[-4.0973318,47.9931025],[-4.0973103,47.9930271],[-4.0971333,47.9930307],[-4.0971172,47.9930845],[-4.0969563,47.9930774],[-4.0969563,47.9931743],[-4.0961999,47.9932192],[-4.0957171,47.9930845],[-4.0956393,47.9930522],[-4.0951753,47.9929625],[-4.0951377,47.9930989],[-4.0946442,47.9929876],[-4.0946898,47.9927686],[-4.0937054,47.9927381],[-4.0933299,47.9927184],[-4.0933299,47.9925676],[-4.0928417,47.9925568],[-4.0926754,47.9925496],[-4.0925413,47.9925209],[-4.0924233,47.9924671],[-4.0923858,47.9922373],[-4.0921926,47.9922193],[-4.0921658,47.9923163],[-4.091962,47.992284],[-4.0916884,47.9922445],[-4.0915114,47.9922337],[-4.0913558,47.9922337],[-4.0913585,47.9921673],[-4.0907872,47.9921547],[-4.0906852,47.9922391],[-4.0905994,47.9921368],[-4.0905619,47.9920488],[-4.0905645,47.9919986],[-4.0903419,47.992038],[-4.0901595,47.9920093],[-4.0899584,47.9919878],[-4.0895587,47.9919537],[-4.0887782,47.9918675],[-4.0879226,47.9917149],[-4.0870079,47.9915803],[-4.0862972,47.9915247],[-4.0861899,47.9915229],[-4.0859807,47.9916054],[-4.0858197,47.9913505],[-4.0853342,47.9914259],[-4.0848327,47.9915013],[-4.0846074,47.9915067],[-4.0844625,47.9914924],[-4.0843123,47.9914636],[-4.0842104,47.9914241],[-4.084087,47.9913721],[-4.0839234,47.991268],[-4.0838215,47.991198],[-4.0837276,47.99111],[-4.0834031,47.99076],[-4.0833521,47.9907313],[-4.0832663,47.9907151],[-4.0832046,47.990733],[-4.0832046,47.9911567],[-4.0831965,47.991347],[-4.0832126,47.9914493],[-4.0828264,47.9915229],[-4.0824106,47.9916001],[-4.0819654,47.9916862],[-4.0815818,47.9917634],[-4.0811956,47.9918262],[-4.0806752,47.9918208],[-4.0791705,47.9918083],[-4.0788057,47.9917311],[-4.0781781,47.9916144],[-4.0771025,47.9913936],[-4.0768853,47.9913452],[-4.0767753,47.9913523],[-4.0762764,47.9916934],[-4.0767351,47.9918962],[-4.0771428,47.9920722],[-4.0775049,47.9922014],[-4.0777194,47.9922678],[-4.0777248,47.9923091],[-4.0789613,47.9925281],[-4.0789908,47.992555],[-4.0790793,47.992564],[-4.0791142,47.9925263],[-4.0800047,47.9925155],[-4.0800101,47.9924922],[-4.0811956,47.9924814],[-4.0826681,47.9925981],[-4.0833414,47.9926537],[-4.0844813,47.9928332],[-4.0856561,47.9930181],[-4.0869328,47.9932281],[-4.088636,47.9934938],[-4.0899718,47.9937092],[-4.0910098,47.9938779],[-4.0910661,47.9939264],[-4.0914336,47.9939874],[-4.0928498,47.9942046],[-4.0935659,47.9943302],[-4.0940863,47.9944559],[-4.09473,47.9946533],[-4.0950465,47.9948077],[-4.0952879,47.9949656],[-4.0953684,47.995059],[-4.0954059,47.9951667],[-4.095363,47.9954216],[-4.0957224,47.9956118],[-4.0933836,47.9959636],[-4.0934801,47.9960067],[-4.0946656,47.9961144],[-4.0954489,47.9961718],[-4.0956259,47.9961862],[-4.0969616,47.9960893],[-4.0968302,47.9961611],[-4.0970099,47.9963567],[-4.0967336,47.996398],[-4.0962481,47.9964877],[-4.0962481,47.9965236],[-4.0961784,47.9966385],[-4.0963554,47.9966959],[-4.0963072,47.9967982],[-4.0962991,47.9968359],[-4.0963984,47.9968754],[-4.0964466,47.9971375],[-4.0961891,47.9972613],[-4.096055,47.9973187],[-4.0958673,47.9973977],[-4.0957439,47.9974569],[-4.0954784,47.9975987],[-4.0953013,47.9976885],[-4.0951002,47.9977477],[-4.0942097,47.9979523],[-4.093861,47.9980492],[-4.093346,47.9983687],[-4.0928739,47.998559],[-4.0923858,47.9987205],[-4.0917957,47.9988318],[-4.0913934,47.9989251],[-4.0910178,47.9989646],[-4.0902883,47.999022],[-4.0896285,47.9990077],[-4.0889472,47.9991369],[-4.0887165,47.9992123],[-4.0885341,47.9992087],[-4.0887111,47.9996933],[-4.0888023,47.9998368],[-4.0888721,47.9999122],[-4.0889579,48.0000522],[-4.089033,48.0003789],[-4.0894729,48.0002496],[-4.0896821,48.0003394],[-4.0897411,48.0002496],[-4.0899825,48.0001707],[-4.090004,48.0002137],[-4.0901864,48.0001563],[-4.0902185,48.000203],[-4.0907979,48.0000343],[-4.0907657,47.9999912],[-4.0917045,47.9997148],[-4.0920961,47.9995892],[-4.0921015,47.9995569],[-4.0924448,47.9994671],[-4.0924126,47.9994133],[-4.0927184,47.9993487],[-4.0927827,47.9994133],[-4.0930456,47.9993343],[-4.0933943,47.9990687],[-4.0939897,47.9988425],[-4.0941399,47.998821],[-4.094317,47.9988318],[-4.0947622,47.9984943],[-4.0948749,47.9983005],[-4.0956312,47.9980636],[-4.0962535,47.9978626],[-4.096747,47.9976939],[-4.0972352,47.9976328],[-4.0974498,47.9976328],[-4.0975302,47.9977441],[-4.0980828,47.9979092],[-4.0982759,47.9980708],[-4.0984476,47.9980277],[-4.0992039,47.9979846],[-4.0994346,47.9981928],[-4.0996009,47.9982251],[-4.1007757,47.9990436],[-4.1009796,47.9994922],[-4.1007167,48.0000091],[-4.1007167,48.0000881],[-4.1008669,48.0002066],[-4.101221,48.0003609],[-4.1016877,47.999722],[-4.1020954,47.9996035],[-4.1027766,47.9994922],[-4.1029429,47.9998225],[-4.103356,48.0001419],[-4.1037261,48.0002066],[-4.1037852,48.0001922],[-4.1039783,48.0002425],[-4.1043431,48.0002712],[-4.1043699,48.0001707],[-4.1055071,48.0001563],[-4.1057861,48.0001491],[-4.1058934,48.000124],[-4.1057968,47.9999158],[-4.1057217,47.9998297],[-4.1061401,47.999704],[-4.1067034,47.9995604],[-4.1068107,47.9995569],[-4.1077816,47.9990471],[-4.108597,47.9997866],[-4.1099703,48.0012511],[-4.1103458,48.0009352],[-4.1103566,48.0008491],[-4.1105121,48.0008993],[-4.1107106,48.0007629],[-4.1108447,48.0007055],[-4.110893,48.0007234],[-4.1110593,48.0006373],[-4.1111773,48.0007234],[-4.1112471,48.0007019],[-4.1113168,48.0007737],[-4.111467,48.0007019],[-4.1116011,48.0008132],[-4.1119337,48.0008239],[-4.1119464,48.0006444],[-4.1120678,48.0006552],[-4.1120785,48.0008096],[-4.1122395,48.0008239],[-4.1124916,48.0007881],[-4.1129047,48.000727],[-4.1138756,48.0004219],[-4.1145301,48.000203],[-4.1147608,48.000124],[-4.1143531,47.9994779],[-4.113999,47.9995784],[-4.1139078,47.9994779],[-4.1135806,47.9994994],[-4.1135699,47.9995676],[-4.1132855,47.9996502],[-4.1131514,47.9997902],[-4.112379,47.9997363],[-4.1123146,47.9997435],[-4.112218,47.9997327],[-4.1119874,47.9996753],[-4.1115743,47.9995317],[-4.111467,47.9995174],[-4.1113222,47.999564],[-4.1111451,47.999381],[-4.1114134,47.9988784],[-4.1112846,47.99778],[-4.1105926,47.9968646],[-4.1108876,47.9966564],[-4.1109842,47.9966205],[-4.1113544,47.9966421],[-4.1112632,47.9960354],[-4.1115206,47.9960282],[-4.1115099,47.9959205],[-4.1111451,47.9958918],[-4.1104585,47.9958128]]]]}},{"type":"Feature","properties":{"Label":"OPAH RU MULTI SITES LANVOLLON CHATELAUDREN PLOUAGAT PLOUHA LANNEBERT BRINGOLO GOUDELIN LE MERZER POMMERIT LE VICOMTE","Type":"OPAH-RU","Date_debut":"2026-01-01","Date_fin":"2030-12-31","Maitre_ouvrage":"M. LE PRÉSIDENT DE LEFF ARMOR COMMUNAUTÉ"},"geometry":{"type":"MultiPolygon","coordinates":[]}},{"type":"Feature","properties":{"Label":"PIG LOGEMENTS VACANTS DE CCA","Type":"PIG","Date_debut":"2024-12-16","Date_fin":"2027-12-15","Maitre_ouvrage":"LE PRÉSIDENT DE CONCARNEAU CORNOUAILLE AGGLOMÉRATION"},"geometry":{"type":"MultiPolygon","coordinates":[[[[-3.799631,47.8236149],[-3.7998671,47.8233339],[-3.8018158,47.8217479],[-3.801907,47.8212832],[-3.8015637,47.820815],[-3.8011399,47.8208222],[-3.7996808,47.8212184],[-3.7992838,47.8208474],[-3.7991873,47.820552],[-3.7985864,47.8201557],[-3.7983772,47.820199],[-3.7980124,47.820235],[-3.7971542,47.8198566],[-3.7964515,47.818938],[-3.796312,47.8187075],[-3.7960598,47.8184157],[-3.7958455,47.8182268],[-3.795363,47.8176504],[-3.7950062,47.8172289],[-3.7948051,47.8170848],[-3.7945556,47.8169533],[-3.794358,47.8168103],[-3.7942185,47.8166788],[-3.7940388,47.8165779],[-3.7937974,47.8164554],[-3.7936981,47.8163816],[-3.7934943,47.8162285],[-3.7941783,47.8160916],[-3.7943155,47.8160466],[-3.7947285,47.8158575],[-3.7951265,47.8156949],[-3.7949462,47.815492],[-3.7949006,47.8153263],[-3.7950401,47.8151407],[-3.7952601,47.8149696],[-3.7955356,47.8141565],[-3.7954819,47.813971],[-3.7953451,47.8137836],[-3.7946182,47.8138881],[-3.7940188,47.8140088],[-3.7933375,47.8140881],[-3.7926616,47.8143187],[-3.79227,47.8144123],[-3.7920632,47.8144467],[-3.7919533,47.8141855],[-3.7915724,47.8138919],[-3.7915027,47.813818],[-3.7911942,47.8135766],[-3.790867,47.8134001],[-3.7908212,47.8134185],[-3.7900058,47.8139517],[-3.789582,47.8141066],[-3.7894294,47.8142013],[-3.7889868,47.8138068],[-3.7885309,47.8133763],[-3.7884799,47.8134033],[-3.7883876,47.8132921],[-3.7881596,47.8131264],[-3.7881247,47.8130291],[-3.7880201,47.8128958],[-3.7879289,47.8128202],[-3.7877439,47.8127069],[-3.7876258,47.8127826],[-3.7875025,47.8128673],[-3.7870089,47.8132095],[-3.7866549,47.8134059],[-3.7863276,47.8135698],[-3.7860862,47.8137103],[-3.7858475,47.8137968],[-3.7852253,47.8140778],[-3.7847664,47.814113],[-3.784458,47.8143057],[-3.784061,47.8139977],[-3.7836533,47.8142859],[-3.7838189,47.8148782],[-3.7843365,47.8152709],[-3.7844913,47.8156292],[-3.7848293,47.8163821],[-3.7849446,47.8165576],[-3.7850114,47.8166873],[-3.7838446,47.8170566],[-3.7839922,47.8174024],[-3.7849899,47.8170512],[-3.7856927,47.8167468],[-3.7859689,47.8165757],[-3.7860548,47.8166135],[-3.7859958,47.8167396],[-3.7860521,47.8168531],[-3.7862596,47.8171083],[-3.7862327,47.8171948],[-3.786458,47.8173281],[-3.7868336,47.8175442],[-3.7870911,47.8176559],[-3.7870106,47.8177568],[-3.7870267,47.818045],[-3.7872734,47.8181206],[-3.7873539,47.8181206],[-3.7879762,47.818189],[-3.7881908,47.8181854],[-3.7890866,47.818715],[-3.7892475,47.8188447],[-3.7894192,47.8190176],[-3.7881021,47.819593],[-3.7882872,47.8199118],[-3.78785,47.8201442],[-3.7872945,47.8202966],[-3.7877603,47.8209069],[-3.7876503,47.8209645],[-3.7870053,47.8211575],[-3.7867854,47.8208855],[-3.786493,47.8209792],[-3.7864608,47.820927],[-3.786308,47.8209125],[-3.7862329,47.8208297],[-3.7861702,47.8206602],[-3.7857947,47.820797],[-3.7855318,47.820444],[-3.7856016,47.8204044],[-3.7853977,47.8202171],[-3.7845877,47.8203972],[-3.7845716,47.8210996],[-3.7849578,47.8218201],[-3.7852421,47.8221947],[-3.7854621,47.8221443],[-3.7858644,47.8227278],[-3.7860951,47.8230412],[-3.7864223,47.8232537],[-3.7865725,47.8232645],[-3.7869373,47.8234302],[-3.7869909,47.8234951],[-3.7872538,47.8236175],[-3.7875327,47.8234662],[-3.787066,47.8226053],[-3.7888953,47.822083],[-3.7901989,47.8214851],[-3.790274,47.8215427],[-3.7903973,47.8217913],[-3.7905315,47.8220182],[-3.7906119,47.8223136],[-3.7907353,47.8226918],[-3.7909338,47.8230952],[-3.7912288,47.8235455],[-3.7912601,47.8236464],[-3.7913781,47.8239129],[-3.7917053,47.8238589],[-3.7918984,47.8237797],[-3.7926173,47.8237689],[-3.7926548,47.8238337],[-3.792923,47.8243452],[-3.7932395,47.8248134],[-3.7933844,47.8247486],[-3.793894,47.8252853],[-3.7934434,47.825559],[-3.7927246,47.8258616],[-3.7931698,47.8263623],[-3.7932234,47.8264559],[-3.7936902,47.826953],[-3.7944519,47.8265135],[-3.7949186,47.8263154],[-3.7952673,47.8267152],[-3.795715,47.8271527],[-3.7958062,47.8273904],[-3.7957364,47.8274084],[-3.7958705,47.827855],[-3.7959403,47.827837],[-3.7961012,47.8283377],[-3.7967235,47.8284277],[-3.7970078,47.8284205],[-3.7980646,47.8285286],[-3.7997758,47.8279559],[-3.798781,47.826411],[-3.7975687,47.8245812],[-3.799631,47.8236149]]],[[[-3.8685394,47.8574276],[-3.8682873,47.8579701],[-3.8689756,47.8584107],[-3.8701343,47.857784],[-3.8698607,47.8573843],[-3.8688469,47.8572655],[-3.8687503,47.8561959],[-3.8677847,47.8558718],[-3.8647753,47.8553964],[-3.8634074,47.8554396],[-3.8608004,47.8557313],[-3.8599474,47.8559798],[-3.8593099,47.8559463],[-3.8587788,47.855028],[-3.8581673,47.8545526],[-3.8570078,47.8540766],[-3.8565089,47.8530502],[-3.8573457,47.8528017],[-3.8573618,47.8525424],[-3.8567664,47.8522614],[-3.8576515,47.8513862],[-3.8577317,47.851127],[-3.8611029,47.8490662],[-3.8610707,47.8480937],[-3.8605719,47.8477048],[-3.8594936,47.8471645],[-3.8597087,47.8465558],[-3.860111,47.8444998],[-3.8602559,47.8437687],[-3.8610927,47.8436607],[-3.8604329,47.8431095],[-3.860626,47.8421585],[-3.8610766,47.8418775],[-3.8605955,47.8412191],[-3.8603863,47.8407328],[-3.8602736,47.8405815],[-3.8601593,47.8403188],[-3.8589684,47.8398325],[-3.8592542,47.8377301],[-3.8569207,47.83813],[-3.8572265,47.8391351],[-3.8565345,47.839254],[-3.8547803,47.839093],[-3.8547964,47.8401737],[-3.8572426,47.8399035],[-3.8575966,47.8416759],[-3.8582403,47.8424864],[-3.8582403,47.8439345],[-3.8570816,47.8438373],[-3.8570412,47.8436103],[-3.8518915,47.843124],[-3.8498799,47.8435131],[-3.847482,47.8444749],[-3.8477395,47.8448963],[-3.8475786,47.8449611],[-3.8445853,47.8448315],[-3.8444082,47.8456636],[-3.8450681,47.845696],[-3.8450198,47.8462147],[-3.8468222,47.8462363],[-3.8475625,47.8457716],[-3.8480131,47.8456852],[-3.8479326,47.845415],[-3.8510064,47.8448855],[-3.8528088,47.844745],[-3.854756,47.8448531],[-3.8548778,47.8454019],[-3.8558434,47.8454667],[-3.8556986,47.846677],[-3.8572435,47.8465365],[-3.8583861,47.8465473],[-3.8584505,47.8472281],[-3.8570987,47.8472713],[-3.8571791,47.8480709],[-3.8569055,47.8480385],[-3.8572058,47.849443],[-3.8571253,47.8504478],[-3.8563046,47.8502209],[-3.8561141,47.8504965],[-3.8563233,47.8505937],[-3.8557279,47.8511232],[-3.8544405,47.8505937],[-3.8534588,47.8511772],[-3.8522035,47.8517283],[-3.8520909,47.8513825],[-3.8517529,47.8506586],[-3.8516081,47.8500368],[-3.8517529,47.8494425],[-3.8509805,47.8495622],[-3.8503046,47.8488814],[-3.8497735,47.8478225],[-3.8478262,47.8479738],[-3.8473274,47.8483411],[-3.847263,47.8490219],[-3.8468285,47.8494768],[-3.8468607,47.8498658],[-3.8480194,47.8504169],[-3.8476653,47.8509571],[-3.8445433,47.8505357],[-3.8447354,47.8499535],[-3.8448189,47.8489367],[-3.8425337,47.8496823],[-3.8424371,47.848645],[-3.8407956,47.8487098],[-3.8408278,47.8488827],[-3.8408117,47.8494554],[-3.8395243,47.849531],[-3.839476,47.8489151],[-3.8391059,47.8482128],[-3.8385909,47.8478129],[-3.8377058,47.8476292],[-3.8384139,47.8486234],[-3.8386231,47.8486126],[-3.8388323,47.8495635],[-3.8384943,47.8504171],[-3.8375449,47.8497904],[-3.8376414,47.851033],[-3.8387036,47.8511302],[-3.8386553,47.8512923],[-3.8403772,47.8517785],[-3.8403289,47.85247],[-3.8407474,47.85247],[-3.8407313,47.852859],[-3.8409727,47.85247],[-3.8427268,47.8536045],[-3.8428556,47.8546778],[-3.8411014,47.8545481],[-3.8405543,47.8557798],[-3.8413267,47.8559203],[-3.8412141,47.8561796],[-3.8407474,47.8562768],[-3.8406186,47.8567198],[-3.8420187,47.8571627],[-3.8441619,47.8568494],[-3.8452565,47.8565271],[-3.8464152,47.8564839],[-3.8469945,47.8570997],[-3.8458895,47.8592424],[-3.8465493,47.8603347],[-3.846898,47.8605568],[-3.8462864,47.8609673],[-3.8456749,47.8616695],[-3.8457232,47.8623177],[-3.8470267,47.8613022],[-3.8518385,47.8593577],[-3.8520799,47.8594549],[-3.8528103,47.8595556],[-3.8541071,47.8612531],[-3.855829,47.8613071],[-3.8569716,47.8610478],[-3.8568751,47.8612855],[-3.8573417,47.8614475],[-3.8579372,47.8613827],[-3.8590145,47.8612302],[-3.8593042,47.8621376],[-3.8583708,47.8622781],[-3.8586443,47.8631963],[-3.8574213,47.8630991],[-3.8567615,47.8631963],[-3.8566488,47.8634772],[-3.855607,47.8636937],[-3.8577312,47.8653572],[-3.8573611,47.8656057],[-3.8572714,47.8658269],[-3.8576011,47.8663423],[-3.8576494,47.8665907],[-3.8571183,47.8668824],[-3.8575019,47.8673242],[-3.8582099,47.8674322],[-3.8598514,47.8673782],[-3.8612515,47.8670002],[-3.8610423,47.866621],[-3.8595779,47.8666318],[-3.8588151,47.8667672],[-3.8583092,47.8658886],[-3.858929,47.8655028],[-3.8596034,47.8651124],[-3.8599413,47.8647343],[-3.8591689,47.8645074],[-3.8593942,47.864259],[-3.8597804,47.863654],[-3.8608586,47.8623037],[-3.8611805,47.861904],[-3.8599559,47.8591394],[-3.8591674,47.858793],[-3.8593283,47.8581772],[-3.8590056,47.8576148],[-3.8603574,47.8579498],[-3.8622564,47.8577013],[-3.8628035,47.8570638],[-3.8653301,47.8578309],[-3.8657003,47.856837],[-3.8685394,47.8574276]]],[[[-3.7613985,47.859419],[-3.7617471,47.8593686],[-3.7620261,47.8587063],[-3.7620636,47.8585191],[-3.7619262,47.858237],[-3.7606086,47.8563667],[-3.7604369,47.856122],[-3.7603135,47.8551824],[-3.7597985,47.8551968],[-3.7598415,47.8558376],[-3.7579103,47.8559276],[-3.7577118,47.856194],[-3.7571593,47.8562925],[-3.7576314,47.8554063],[-3.758141,47.8550895],[-3.7585058,47.8552299],[-3.7591978,47.8548015],[-3.7593534,47.8547547],[-3.7596645,47.8545963],[-3.7598684,47.8546035],[-3.7612133,47.8546734],[-3.7610952,47.8543098],[-3.7609772,47.8541046],[-3.7607358,47.8541766],[-3.7602048,47.8541658],[-3.7601833,47.8542414],[-3.7598883,47.854209],[-3.7596683,47.8540002],[-3.7592606,47.8537086],[-3.7591962,47.8536222],[-3.7592606,47.8535286],[-3.7591158,47.8533486],[-3.7589441,47.8532082],[-3.7583326,47.8524918],[-3.7567823,47.8529598],[-3.7569271,47.8532334],[-3.7571792,47.8531686],[-3.757249,47.8532586],[-3.7579678,47.8534134],[-3.7580214,47.8534926],[-3.7581013,47.8537342],[-3.7579457,47.8537666],[-3.757817,47.8538098],[-3.7577151,47.8539106],[-3.7572805,47.8541266],[-3.7573395,47.8543606],[-3.7569479,47.8545046],[-3.756905,47.8544578],[-3.75639,47.8546486],[-3.7548183,47.8550878],[-3.754314,47.8536082],[-3.7540734,47.8533693],[-3.7528986,47.8535349],[-3.7523461,47.8537077],[-3.7516648,47.8538517],[-3.7512893,47.8539848],[-3.7510908,47.8532325],[-3.7498302,47.8533369],[-3.7490202,47.8528437],[-3.7488914,47.8519976],[-3.7496424,47.851886],[-3.7499536,47.8520624],[-3.7507368,47.8524333],[-3.7509567,47.8525089],[-3.7519062,47.8525125],[-3.7522871,47.8527465],[-3.7526841,47.8530777],[-3.7536175,47.8525305],[-3.7531937,47.8522028],[-3.7534351,47.8519328],[-3.7525875,47.8514792],[-3.7526626,47.8513712],[-3.7524373,47.8512704],[-3.7521964,47.8510347],[-3.7525183,47.8509339],[-3.7522823,47.8500662],[-3.7526202,47.8496486],[-3.7518746,47.8493534],[-3.7517834,47.8492958],[-3.7517083,47.8493246],[-3.7513596,47.8490366],[-3.7511665,47.8489862],[-3.7511611,47.8484461],[-3.7507266,47.8484533],[-3.7502384,47.8478449],[-3.7495786,47.8479421],[-3.7491656,47.8481617],[-3.7490046,47.8485433],[-3.7491441,47.8487269],[-3.7486265,47.8496296],[-3.7483636,47.8498168],[-3.7481812,47.8500256],[-3.7480364,47.8502344],[-3.7479076,47.8505728],[-3.7473848,47.8512041],[-3.7475511,47.8518737],[-3.747771,47.8526945],[-3.7479266,47.8532705],[-3.7473097,47.8533677],[-3.7473097,47.8531049],[-3.7472574,47.8529106],[-3.7469731,47.8527306],[-3.74678,47.8525074],[-3.7462113,47.8517406],[-3.7462918,47.8512762],[-3.7467121,47.8507131],[-3.747013,47.8500659],[-3.7470344,47.8496627],[-3.7470881,47.8492883],[-3.7470237,47.8488815],[-3.7467447,47.8488419],[-3.7463478,47.8488815],[-3.7459347,47.8489571],[-3.7456933,47.8489823],[-3.7450013,47.8490183],[-3.7442288,47.8491155],[-3.7435476,47.8494251],[-3.7422172,47.8500191],[-3.7439123,47.8500083],[-3.7429789,47.8502351],[-3.7424639,47.8501019],[-3.7418417,47.8500551],[-3.7409887,47.8497671],[-3.7400982,47.8499003],[-3.740066,47.8498247],[-3.7399856,47.8497815],[-3.7397978,47.8498931],[-3.739476,47.8497059],[-3.7380329,47.8496879],[-3.7379846,47.8498499],[-3.7378749,47.8500388],[-3.7377998,47.850082],[-3.737081,47.8499956],[-3.73633,47.8499344],[-3.736212,47.8500784],[-3.7361583,47.850172],[-3.7371346,47.8502404],[-3.73714,47.8503988],[-3.737013,47.8509076],[-3.736954,47.8509364],[-3.7366,47.8519265],[-3.7351301,47.8519805],[-3.7350389,47.8520417],[-3.7342986,47.8520489],[-3.7343255,47.8523981],[-3.7337407,47.8531325],[-3.7336817,47.8534169],[-3.7337515,47.8539821],[-3.7349155,47.8539317],[-3.7361601,47.8538741],[-3.7366804,47.8538921],[-3.7375066,47.8538741],[-3.7376889,47.8538453],[-3.7376782,47.8543662],[-3.7376621,47.8548197],[-3.7374905,47.8549781],[-3.7373939,47.8551005],[-3.7373778,47.8552337],[-3.7373724,47.8554425],[-3.7372437,47.8554173],[-3.7371203,47.8554929],[-3.7370184,47.8554281],[-3.7367394,47.8554137],[-3.7366536,47.8553561],[-3.7365356,47.8553381],[-3.7358114,47.8553741],[-3.7356129,47.8554425],[-3.7352428,47.8554749],[-3.7349585,47.8555289],[-3.7347385,47.8555361],[-3.7348458,47.8557917],[-3.7362888,47.8556153],[-3.7368092,47.8556117],[-3.7372491,47.8556837],[-3.7370506,47.8560689],[-3.7371257,47.8560869],[-3.7371149,47.8565045],[-3.7370023,47.8565872],[-3.7363586,47.8566088],[-3.7363747,47.8569112],[-3.7368682,47.856886],[-3.7368521,47.8573756],[-3.737984,47.8573648],[-3.7393251,47.857426],[-3.7406179,47.8575268],[-3.7407252,47.8571164],[-3.7417605,47.8570804],[-3.7417713,47.8571308],[-3.7422755,47.8572964],[-3.7426457,47.8575196],[-3.7425062,47.8579911],[-3.7429836,47.8583367],[-3.7435093,47.859107],[-3.7426886,47.8590386],[-3.7423399,47.859125],[-3.7422594,47.8591718],[-3.7420878,47.8592438],[-3.7419966,47.8592438],[-3.7414279,47.8594922],[-3.7401029,47.8600105],[-3.738397,47.8599889],[-3.7367019,47.8600393],[-3.7359401,47.8602697],[-3.7358436,47.8603273],[-3.735747,47.8606368],[-3.7358221,47.8609824],[-3.7366057,47.8609059],[-3.7371582,47.8606575],[-3.7375552,47.8605567],[-3.7380755,47.8605999],[-3.7386227,47.8606107],[-3.7391913,47.8605783],[-3.7395454,47.8605999],[-3.7401247,47.8606935],[-3.7407792,47.8606971],[-3.7413219,47.8605661],[-3.7420675,47.8603105],[-3.7425235,47.8601053],[-3.7428561,47.8600082],[-3.7434408,47.8599074],[-3.7438271,47.8598066],[-3.7442348,47.8597094],[-3.7443742,47.8596446],[-3.7444815,47.8595546],[-3.7445888,47.8596662],[-3.744798,47.8595906],[-3.7448356,47.8595366],[-3.7447068,47.859443],[-3.7451092,47.8590939],[-3.7453935,47.8588203],[-3.7455973,47.8584927],[-3.745769,47.8581364],[-3.7457368,47.8579132],[-3.7456027,47.8576216],[-3.7454954,47.857546],[-3.7454525,47.8574632],[-3.7459246,47.857492],[-3.7460211,47.8575208],[-3.746284,47.8575244],[-3.7466595,47.857636],[-3.7470296,47.8577512],[-3.7472496,47.8580644],[-3.74733,47.858122],[-3.747271,47.8581508],[-3.7474266,47.858212],[-3.747491,47.858284],[-3.7478683,47.8585119],[-3.7476913,47.8586379],[-3.7473212,47.8588035],[-3.7472997,47.8596422],[-3.7478361,47.8596134],[-3.7482653,47.8593579],[-3.7483565,47.8589475],[-3.7492255,47.8587171],[-3.7493704,47.8587747],[-3.7496064,47.8587747],[-3.7494723,47.8594154],[-3.7497834,47.8595126],[-3.7498907,47.8593615],[-3.7501911,47.8587351],[-3.7511406,47.8589223],[-3.7513767,47.8590123],[-3.7516342,47.8591131],[-3.7518127,47.8591483],[-3.751869,47.8591393],[-3.7519146,47.8590601],[-3.7521748,47.8590925],[-3.7528948,47.8592211],[-3.7538389,47.8598978],[-3.7542949,47.8598546],[-3.7544451,47.8594802],[-3.756033,47.8597034],[-3.7558731,47.8586451],[-3.7558785,47.8585623],[-3.7558677,47.8584831],[-3.7558356,47.8584111],[-3.7558463,47.8582816],[-3.7562808,47.8582708],[-3.7569138,47.8583356],[-3.7571123,47.8584687],[-3.7573698,47.8585695],[-3.7577185,47.8586559],[-3.7586412,47.8586235],[-3.7590971,47.8588395],[-3.7590918,47.8589907],[-3.7590596,47.8591275],[-3.7590596,47.8592391],[-3.7592634,47.8593254],[-3.7594619,47.8593326],[-3.759655,47.8593758],[-3.7600842,47.8594658],[-3.7604811,47.8594478],[-3.7608567,47.8593866],[-3.7609103,47.8594442],[-3.7610498,47.8594586],[-3.7613985,47.859419]]],[[[-3.8987849,47.8759126],[-3.8993857,47.8768122],[-3.9003942,47.877647],[-3.9022825,47.8783522],[-3.9034007,47.8788553],[-3.9053533,47.877013],[-3.9069412,47.8755448],[-3.9076493,47.8748827],[-3.9079926,47.8744365],[-3.9075205,47.8740047],[-3.9068553,47.8744221],[-3.9063833,47.8742206],[-3.9071772,47.8737744],[-3.9071987,47.8729971],[-3.9083145,47.8727668],[-3.9094088,47.8726516],[-3.9101384,47.8730402],[-3.9106319,47.8726372],[-3.9108465,47.8722485],[-3.9109989,47.8715712],[-3.9115353,47.871269],[-3.9117499,47.8709955],[-3.911236,47.8705348],[-3.9113809,47.8699662],[-3.9112414,47.8695955],[-3.9109571,47.8693184],[-3.9109195,47.8689333],[-3.9112146,47.8683503],[-3.9115257,47.8680479],[-3.9112736,47.8674685],[-3.9111824,47.8668567],[-3.911,47.8664536],[-3.9104367,47.8662268],[-3.9099968,47.8661764],[-3.9094604,47.8662808],[-3.9091922,47.8661908],[-3.9092726,47.8660361],[-3.9094926,47.8656438],[-3.9094175,47.8655214],[-3.9092463,47.8652559],[-3.9089995,47.8650651],[-3.9085811,47.8650435],[-3.9082807,47.8650471],[-3.9076047,47.8648959],[-3.9067665,47.8646495],[-3.9063427,47.8642355],[-3.9060584,47.8637784],[-3.9068738,47.8633393],[-3.9074478,47.8629758],[-3.907421,47.8627023],[-3.9072708,47.8622703],[-3.907024,47.861914],[-3.9066056,47.8614713],[-3.9060316,47.8612301],[-3.9059189,47.8610069],[-3.9056722,47.8609422],[-3.9055488,47.860827],[-3.9055434,47.8607046],[-3.9053825,47.8605498],[-3.9051572,47.8604706],[-3.9048997,47.860449],[-3.9045135,47.8604202],[-3.9042345,47.8604814],[-3.9040789,47.8604202],[-3.9039395,47.8604922],[-3.9034406,47.8606254],[-3.9032421,47.8605858],[-3.9029363,47.8606614],[-3.9027647,47.8608198],[-3.9026949,47.8612013],[-3.9026413,47.8615289],[-3.9020941,47.8617556],[-3.901327,47.8619356],[-3.9006988,47.862471],[-3.900452,47.8625178],[-3.9002428,47.8624062],[-3.9003233,47.862255],[-3.9003447,47.8620966],[-3.9005003,47.862003],[-3.9005647,47.8619059],[-3.9003662,47.8616863],[-3.9003555,47.8613731],[-3.9002092,47.861257],[-3.9002253,47.8609331],[-3.9003434,47.8608323],[-3.9003541,47.8607171],[-3.9001502,47.8606271],[-3.8999142,47.8605515],[-3.8994475,47.8605479],[-3.8993241,47.8605623],[-3.8992646,47.8604],[-3.8993397,47.8601445],[-3.8992163,47.8600005],[-3.8990339,47.8597161],[-3.898755,47.8593706],[-3.8977207,47.8587003],[-3.8988151,47.85757],[-3.8992281,47.8575808],[-3.9017601,47.8597334],[-3.9023234,47.8594958],[-3.9026989,47.8592366],[-3.9028538,47.8589467],[-3.9030094,47.8585579],[-3.9030845,47.8581188],[-3.9032454,47.8576796],[-3.9034508,47.8575418],[-3.9035313,47.8574374],[-3.9034616,47.857279],[-3.9038961,47.856937],[-3.9043092,47.8566166],[-3.9051192,47.8562855],[-3.9061921,47.8560695],[-3.9071523,47.8560263],[-3.9083838,47.8562959],[-3.9088183,47.8564075],[-3.9096176,47.8569259],[-3.9098966,47.8571347],[-3.9099985,47.8576388],[-3.9100682,47.8578152],[-3.9101862,47.857952],[-3.9103901,47.8580132],[-3.9111947,47.8581284],[-3.9121818,47.8584415],[-3.9124017,47.8587439],[-3.9127826,47.8590319],[-3.9130455,47.8589347],[-3.9136034,47.8588699],[-3.9139896,47.8588015],[-3.9142998,47.8585227],[-3.9144554,47.8584255],[-3.9147558,47.8584255],[-3.9148899,47.8584399],[-3.9150079,47.8583463],[-3.9150347,47.8581735],[-3.915362,47.8580295],[-3.9157268,47.8578928],[-3.9160379,47.857666],[-3.9161237,47.8576696],[-3.9162364,47.857702],[-3.9163651,47.857702],[-3.9164831,47.857576],[-3.9164992,47.8574464],[-3.9166709,47.8573564],[-3.9168586,47.8573312],[-3.9169284,47.8571836],[-3.9172932,47.857126],[-3.9174917,47.8571044],[-3.9177867,47.8572088],[-3.9185162,47.8568144],[-3.9186021,47.8566992],[-3.9185699,47.8565228],[-3.9186181,47.8564184],[-3.9187844,47.8562672],[-3.9186932,47.8560872],[-3.9183875,47.8561628],[-3.9180656,47.8561376],[-3.9178081,47.8560512],[-3.9176043,47.8560296],[-3.9172341,47.8560188],[-3.9169015,47.8560152],[-3.9166065,47.8559396],[-3.9164295,47.8557957],[-3.9157643,47.8557129],[-3.9155604,47.8557633],[-3.9150669,47.8556877],[-3.9145787,47.8555725],[-3.9125231,47.8548555],[-3.9123085,47.8542508],[-3.9119706,47.8541248],[-3.9109835,47.853736],[-3.9106027,47.8535128],[-3.9102754,47.853124],[-3.9103398,47.8525372],[-3.9103881,47.852036],[-3.9103183,47.8516364],[-3.9100716,47.8510387],[-3.9088163,47.8503187],[-3.9083442,47.8508515],[-3.907679,47.8507939],[-3.9068422,47.8510171],[-3.906295,47.8514347],[-3.9058551,47.8518092],[-3.9048359,47.8513843],[-3.9042458,47.8512115],[-3.9034841,47.8506283],[-3.9029691,47.8502611],[-3.9019284,47.8504699],[-3.9014027,47.8506283],[-3.9018426,47.8518164],[-3.9000723,47.8522196],[-3.8989887,47.8524788],[-3.8982377,47.8514059],[-3.896682,47.8517228],[-3.8973472,47.8527524],[-3.8981626,47.8543292],[-3.8968429,47.8549051],[-3.895416,47.8550851],[-3.8950512,47.8552867],[-3.8935921,47.8556755],[-3.8952014,47.8577431],[-3.8950297,47.858967],[-3.8944075,47.8590534],[-3.8939247,47.8584487],[-3.8930342,47.8576855],[-3.8922081,47.8579231],[-3.8920257,47.8583047],[-3.891457,47.8584919],[-3.8901589,47.8592766],[-3.8901799,47.8606712],[-3.8888817,47.8613911],[-3.8890641,47.8616575],[-3.8879912,47.862039],[-3.8866608,47.8616935],[-3.8868754,47.8608368],[-3.8857596,47.8607792],[-3.8847296,47.8602681],[-3.8836675,47.8596561],[-3.8844507,47.8593538],[-3.8837104,47.858821],[-3.8829165,47.858965],[-3.8815217,47.8596418],[-3.8810282,47.8594258],[-3.8806849,47.8597569],[-3.8811891,47.8600521],[-3.8817899,47.8599297],[-3.8832491,47.8603905],[-3.883292,47.8611823],[-3.8823371,47.8623125],[-3.8827006,47.8627926],[-3.8829581,47.8642611],[-3.8832049,47.864693],[-3.8827435,47.8654056],[-3.8829688,47.8655784],[-3.8827543,47.8658527],[-3.8817779,47.8660398],[-3.882,47.8664918],[-3.8822468,47.8668013],[-3.8821288,47.867262],[-3.8814529,47.867334],[-3.8817855,47.8682769],[-3.8813885,47.8689319],[-3.880777,47.8697812],[-3.880568,47.870968],[-3.883336,47.870932],[-3.8829605,47.8729976],[-3.885353,47.8727457],[-3.8865761,47.8727241],[-3.887885,47.8729688],[-3.8876704,47.8734655],[-3.8882176,47.8735374],[-3.8879923,47.8741996],[-3.8886146,47.874214],[-3.8886468,47.8753151],[-3.8886682,47.876373],[-3.8896875,47.8773878],[-3.8902668,47.8774597],[-3.8912002,47.8767976],[-3.8922087,47.8765026],[-3.8917045,47.8758117],[-3.8945363,47.8748114],[-3.8961671,47.8745308],[-3.8964031,47.8751065],[-3.8974545,47.8749266],[-3.8972721,47.8743148],[-3.8983236,47.8742213],[-3.8987849,47.8759126]]],[[[-3.9383159,47.8877622],[-3.9396034,47.8877191],[-3.9399145,47.8878702],[-3.9403007,47.887863],[-3.9407835,47.8876615],[-3.9406441,47.8872154],[-3.9396463,47.8869636],[-3.939142,47.8870715],[-3.9390606,47.8856427],[-3.9388567,47.8851031],[-3.9383801,47.8844678],[-3.9357408,47.8837482],[-3.935655,47.883374],[-3.9340886,47.8831437],[-3.9335372,47.8822393],[-3.9330437,47.8817842],[-3.9330517,47.8816924],[-3.932754,47.8814297],[-3.9327567,47.8814028],[-3.9327433,47.881392],[-3.9326896,47.8813776],[-3.9322106,47.8808658],[-3.9319585,47.8806032],[-3.9319164,47.8806084],[-3.931895,47.8805814],[-3.931785,47.8805634],[-3.9317126,47.8805437],[-3.9316563,47.8805185],[-3.9315999,47.8804807],[-3.9315436,47.8804447],[-3.9313046,47.8801721],[-3.9308915,47.8797259],[-3.9310775,47.8796649],[-3.9305839,47.8790424],[-3.9305316,47.8788693],[-3.9303584,47.8783363],[-3.9301921,47.8782823],[-3.9304832,47.8774961],[-3.9308318,47.8774313],[-3.9309225,47.8773401],[-3.9308582,47.877153],[-3.9308796,47.8768939],[-3.9308742,47.8767859],[-3.9308206,47.8766852],[-3.9307498,47.8766374],[-3.930664,47.8764791],[-3.9304279,47.8763496],[-3.9301704,47.8760761],[-3.9298057,47.8756011],[-3.929398,47.8747662],[-3.9292048,47.8744208],[-3.9290761,47.8743344],[-3.9291405,47.8739458],[-3.9292478,47.8737011],[-3.9295267,47.8734852],[-3.9298271,47.87337],[-3.9306854,47.872895],[-3.9309429,47.8723912],[-3.9301704,47.8715707],[-3.9301061,47.8713979],[-3.9299129,47.8712828],[-3.9288615,47.8710525],[-3.9277457,47.8706638],[-3.9270805,47.8703327],[-3.9271878,47.8701744],[-3.926369,47.8698136],[-3.9253283,47.8696624],[-3.9240409,47.8698423],[-3.9234615,47.8701015],[-3.9228647,47.8702998],[-3.9205473,47.869724],[-3.9189916,47.8694721],[-3.918464,47.869576],[-3.9179598,47.8692593],[-3.9180027,47.869101],[-3.9176057,47.8683884],[-3.9171122,47.8679349],[-3.9164899,47.8680789],[-3.9163719,47.8686331],[-3.9159427,47.8685971],[-3.9156638,47.8688058],[-3.9143334,47.868957],[-3.9138184,47.8688922],[-3.9138184,47.868957],[-3.9143227,47.8691369],[-3.915417,47.869065],[-3.9159106,47.8694536],[-3.9170664,47.8712285],[-3.915736,47.8715596],[-3.9147275,47.8720994],[-3.9133006,47.8720346],[-3.9131182,47.8723369],[-3.9129036,47.8728191],[-3.9121526,47.8727831],[-3.9116991,47.8729185],[-3.9122033,47.8732441],[-3.9120987,47.8733107],[-3.9121792,47.8733539],[-3.9123321,47.8732945],[-3.9129114,47.8733593],[-3.9132547,47.8733305],[-3.9135766,47.8732873],[-3.9136839,47.8733089],[-3.913759,47.8732801],[-3.913759,47.8731866],[-3.9148104,47.8727763],[-3.9150572,47.8726972],[-3.9152074,47.8728123],[-3.9153683,47.8728051],[-3.915422,47.8727403],[-3.9154327,47.8726684],[-3.9153683,47.8725964],[-3.9161193,47.8723085],[-3.9162374,47.8723157],[-3.9163661,47.8722797],[-3.9167738,47.8726828],[-3.9173102,47.873712],[-3.9168489,47.8738919],[-3.9168811,47.8739567],[-3.9146612,47.8749711],[-3.9145646,47.8748488],[-3.9135839,47.8753079],[-3.9116098,47.8761932],[-3.9094855,47.8747754],[-3.9086058,47.8754303],[-3.9088203,47.875603],[-3.9070179,47.8771071],[-3.9052476,47.8785653],[-3.905194,47.8794432],[-3.9065852,47.8798388],[-3.9097073,47.8811989],[-3.9105237,47.881654],[-3.9111353,47.8821073],[-3.9123691,47.8841797],[-3.9113202,47.8861891],[-3.911524,47.8865417],[-3.9116849,47.886995],[-3.9122321,47.8878441],[-3.9119961,47.8879304],[-3.9121892,47.8882254],[-3.912395,47.8883947],[-3.9125881,47.8884523],[-3.9128027,47.8884451],[-3.9131353,47.8883947],[-3.9139829,47.8901503],[-3.9135875,47.8906169],[-3.9133943,47.8908616],[-3.9132763,47.891063],[-3.9132334,47.8915019],[-3.9135445,47.8915954],[-3.9136518,47.8917969],[-3.9137484,47.8920199],[-3.9138342,47.8921782],[-3.9139952,47.8923005],[-3.9138771,47.8924732],[-3.9150788,47.8925667],[-3.9147033,47.8932831],[-3.9142341,47.8939636],[-3.9138264,47.8943378],[-3.9143951,47.8944888],[-3.9153714,47.8944097],[-3.9167303,47.8940428],[-3.9175993,47.8939277],[-3.9175836,47.8940669],[-3.9175514,47.8947],[-3.9176051,47.8952324],[-3.9178411,47.8958079],[-3.9205555,47.8949518],[-3.9210276,47.8948583],[-3.9208666,47.8943835],[-3.9230338,47.8940022],[-3.9255122,47.8938439],[-3.9260916,47.8939878],[-3.926274,47.8939446],[-3.926628,47.8935345],[-3.9265744,47.8933619],[-3.9279477,47.8925633],[-3.9288067,47.891764],[-3.9292358,47.891469],[-3.9295791,47.8917352],[-3.930416,47.8912459],[-3.9298474,47.8910877],[-3.9291393,47.8909006],[-3.9283239,47.8906056],[-3.9280664,47.8903095],[-3.9280878,47.8900361],[-3.9281307,47.889849],[-3.9281415,47.8896619],[-3.9280449,47.8894965],[-3.9278411,47.8893741],[-3.9277669,47.8892539],[-3.9277339,47.888695],[-3.9277339,47.8879827],[-3.9278545,47.8877844],[-3.9280476,47.8876477],[-3.9282407,47.8875758],[-3.9284768,47.887511],[-3.9287235,47.8874822],[-3.9289918,47.8874391],[-3.9306606,47.8874089],[-3.9315296,47.8874233],[-3.9321335,47.8871081],[-3.9331313,47.8870865],[-3.933378,47.8864317],[-3.9337213,47.8865612],[-3.9342149,47.8866116],[-3.9353307,47.8865181],[-3.9353092,47.8866692],[-3.9350479,47.887735],[-3.9341574,47.8877926],[-3.934211,47.8882603],[-3.9351552,47.8882891],[-3.9352088,47.8889006],[-3.9354127,47.8893395],[-3.9357131,47.8897353],[-3.9362281,47.8902317],[-3.9365392,47.8903037],[-3.9366894,47.8904116],[-3.9367752,47.8905915],[-3.9369898,47.8909656],[-3.9379089,47.891848],[-3.9380842,47.8911742],[-3.9379303,47.8909199],[-3.9378874,47.8902868],[-3.9380591,47.8901285],[-3.9381235,47.8899414],[-3.93822,47.8897615],[-3.9382093,47.8896033],[-3.9381235,47.8895817],[-3.9378016,47.8894809],[-3.9379189,47.8890646],[-3.9383159,47.8877622]]],[[[-3.8430381,47.9073296],[-3.8431293,47.907272],[-3.8428825,47.9066355],[-3.8432205,47.9065528],[-3.8429362,47.9059234],[-3.842153,47.9062327],[-3.8417399,47.9057904],[-3.840863,47.9058787],[-3.8408522,47.9055335],[-3.8403855,47.9055982],[-3.8403358,47.9049874],[-3.840325,47.9045162],[-3.8399013,47.9045378],[-3.8394801,47.9044999],[-3.8393835,47.9041475],[-3.8393835,47.9038633],[-3.8393406,47.9036152],[-3.8395552,47.9034677],[-3.8400219,47.903216],[-3.8403169,47.9029031],[-3.840274,47.9028455],[-3.839244,47.9036044],[-3.838576,47.9041261],[-3.8382139,47.9043543],[-3.8374897,47.904268],[-3.8373663,47.904232],[-3.8373717,47.9038544],[-3.8364222,47.9038508],[-3.8362559,47.9038904],[-3.8357785,47.9039335],[-3.8352742,47.9040055],[-3.8348309,47.9040792],[-3.8346485,47.9035973],[-3.8344822,47.9034247],[-3.8344554,47.90327],[-3.834214,47.9026946],[-3.8351528,47.9024896],[-3.835126,47.9020148],[-3.8341657,47.9021946],[-3.8340477,47.9021299],[-3.8336883,47.9021119],[-3.833082,47.9013083],[-3.830491,47.9020744],[-3.8304129,47.9020171],[-3.8291737,47.9021107],[-3.8284334,47.9019344],[-3.8273796,47.9020115],[-3.8266768,47.9018929],[-3.8265095,47.9018229],[-3.826075,47.9015729],[-3.8257719,47.9014452],[-3.8255626,47.9013822],[-3.8248411,47.9011897],[-3.8245836,47.9011969],[-3.8245437,47.9018882],[-3.824584,47.9020608],[-3.8246617,47.9024025],[-3.8243452,47.9024258],[-3.8240556,47.9024744],[-3.8240652,47.9026106],[-3.8240866,47.9026502],[-3.8241161,47.9026646],[-3.8241429,47.9033965],[-3.8241655,47.9033927],[-3.8242353,47.9032741],[-3.8248495,47.9031374],[-3.8248951,47.9031374],[-3.8254342,47.9030223],[-3.8254557,47.9029648],[-3.82552,47.9029432],[-3.8259948,47.9036319],[-3.8260645,47.9035744],[-3.8259814,47.9033622],[-3.8260565,47.9032759],[-3.8260913,47.9032147],[-3.8261262,47.9032219],[-3.8262308,47.903168],[-3.8263435,47.9031014],[-3.8262174,47.9028838],[-3.8262147,47.9028605],[-3.8271079,47.9029486],[-3.8281352,47.9029953],[-3.8279823,47.9033154],[-3.8285509,47.9034107],[-3.8285348,47.9034485],[-3.8287253,47.9034845],[-3.8287709,47.9034701],[-3.8289908,47.9035096],[-3.8290096,47.9035294],[-3.8289949,47.9035745],[-3.8286194,47.9039414],[-3.8296923,47.9042579],[-3.830851,47.9041716],[-3.8310996,47.9041762],[-3.8322262,47.9046078],[-3.8326017,47.9048451],[-3.832827,47.9050465],[-3.8321832,47.905176],[-3.8324837,47.9056579],[-3.8302628,47.9059744],[-3.8294796,47.9059888],[-3.8293937,47.9061686],[-3.8298873,47.907118],[-3.8300911,47.9076071],[-3.8308636,47.9088945],[-3.8314537,47.9087651],[-3.8330415,47.9082976],[-3.833342,47.9087219],[-3.8337067,47.9089305],[-3.8340822,47.9092182],[-3.8343827,47.908988],[-3.834962,47.9090743],[-3.8350049,47.9094196],[-3.8358525,47.9093333],[-3.8357667,47.9088514],[-3.8365284,47.9087723],[-3.8366786,47.9089808],[-3.8371185,47.9095778],[-3.8376013,47.9102323],[-3.8395024,47.9095261],[-3.8393897,47.9093067],[-3.8397559,47.9092104],[-3.8398256,47.9091565],[-3.8396746,47.9079443],[-3.8424963,47.9074696],[-3.8430381,47.9073296]]],[[[-3.8529062,47.9655305],[-3.8535607,47.9655879],[-3.8551485,47.9648479],[-3.8553953,47.9638421],[-3.8542366,47.9637846],[-3.8538396,47.9620459],[-3.8491034,47.9620607],[-3.8490712,47.9607459],[-3.8480949,47.9608824],[-3.846228,47.9610189],[-3.8441289,47.9610796],[-3.8420689,47.9605048],[-3.8421011,47.9595636],[-3.84444,47.9585001],[-3.8442791,47.9579972],[-3.8419295,47.9581121],[-3.8408888,47.9579325],[-3.8408244,47.9575589],[-3.8400841,47.9574654],[-3.8400734,47.9565385],[-3.839891,47.9561577],[-3.8395799,47.9555828],[-3.8395262,47.9553601],[-3.8391078,47.954275],[-3.8388932,47.9539444],[-3.8384748,47.9533696],[-3.8368624,47.9540235],[-3.8365513,47.9535564],[-3.8357466,47.953851],[-3.8354462,47.9538726],[-3.8337832,47.9538438],[-3.8318413,47.9529959],[-3.8304036,47.9533839],[-3.83035,47.9525288],[-3.8284724,47.9523994],[-3.8260692,47.9526941],[-3.8260477,47.9532689],[-3.8259512,47.9535348],[-3.8265305,47.953736],[-3.8257366,47.9542247],[-3.8220231,47.9555856],[-3.8213686,47.9563186],[-3.8210253,47.9564048],[-3.8196091,47.9560958],[-3.8178971,47.9560383],[-3.817425,47.9558803],[-3.8171997,47.9561749],[-3.8155796,47.9558371],[-3.8150325,47.9575114],[-3.8148066,47.9584391],[-3.8144525,47.9591288],[-3.8145169,47.9595097],[-3.8066549,47.9591001],[-3.8066335,47.9585253],[-3.8044877,47.9584247],[-3.8019128,47.9587193],[-3.8020415,47.9592222],[-3.8026638,47.9603862],[-3.8020523,47.9606377],[-3.8024492,47.9612413],[-3.8044019,47.9607958],[-3.8058717,47.9607455],[-3.8058717,47.9609395],[-3.8074489,47.9609682],[-3.8074596,47.9608461],[-3.8083072,47.9607311],[-3.8082857,47.9604437],[-3.8097234,47.960415],[-3.8112147,47.9605587],[-3.811837,47.9605012],[-3.811676,47.9612987],[-3.8123734,47.9614353],[-3.8131888,47.9611838],[-3.8147123,47.9616005],[-3.8151307,47.9626423],[-3.8156135,47.9634614],[-3.8169301,47.9648419],[-3.8171769,47.9654238],[-3.8174022,47.9657256],[-3.8176811,47.9666092],[-3.8196982,47.9665015],[-3.8213504,47.9654741],[-3.8212753,47.9643749],[-3.8205677,47.9624592],[-3.8179821,47.9627035],[-3.8172418,47.9608785],[-3.8169199,47.9597361],[-3.8271747,47.9602496],[-3.8272391,47.9604652],[-3.8274215,47.960713],[-3.8275288,47.9609969],[-3.827679,47.9611118],[-3.8277433,47.9612411],[-3.8280545,47.9615178],[-3.8282315,47.9617261],[-3.82843,47.9618842],[-3.8286875,47.9621393],[-3.8281886,47.9624087],[-3.8275127,47.9628541],[-3.8265154,47.9634129],[-3.8265476,47.9638548],[-3.8267622,47.9646954],[-3.8269285,47.9646954],[-3.826955,47.964831],[-3.8269148,47.9651435],[-3.826845,47.9651435],[-3.8268494,47.9656691],[-3.8268602,47.9657535],[-3.826895,47.9657643],[-3.8266724,47.9659654],[-3.8266899,47.9664033],[-3.8267224,47.9670453],[-3.8268887,47.9679613],[-3.8268823,47.9681642],[-3.8276065,47.9682935],[-3.8278211,47.9682648],[-3.8282502,47.9692813],[-3.8293177,47.9692598],[-3.8311577,47.9690766],[-3.8312382,47.969378],[-3.8318176,47.9692487],[-3.8327188,47.968638],[-3.8344783,47.9671366],[-3.8359589,47.9662242],[-3.8385016,47.9651753],[-3.8398594,47.9655944],[-3.8407713,47.9654004],[-3.8421023,47.9670248],[-3.8428855,47.9678509],[-3.8433361,47.9682676],[-3.8433897,47.9685047],[-3.8434755,47.9690722],[-3.8437867,47.9695679],[-3.844248,47.9696685],[-3.8442909,47.9697762],[-3.8445699,47.9699415],[-3.8449025,47.9701067],[-3.8454282,47.9701929],[-3.845278,47.9706239],[-3.845675,47.9707029],[-3.8464689,47.97094],[-3.8475096,47.9709041],[-3.8454389,47.9689429],[-3.8465118,47.9687489],[-3.846426,47.9683897],[-3.8469839,47.9683969],[-3.8468873,47.9678581],[-3.8447415,47.9681886],[-3.8442802,47.9677432],[-3.8445377,47.9671972],[-3.8442266,47.9671038],[-3.8446235,47.9663351],[-3.8437652,47.96594],[-3.8438618,47.9653293],[-3.8441944,47.9652718],[-3.8442802,47.9649844],[-3.8462543,47.9653508],[-3.8477027,47.9653293],[-3.8489687,47.9656454],[-3.849194,47.9649413],[-3.8500845,47.9650491],[-3.8529062,47.9655305]]],[[[-3.9411549,47.9623992],[-3.9418308,47.9623615],[-3.943196,47.9623327],[-3.943196,47.960985],[-3.9421339,47.9598313],[-3.9405246,47.9592382],[-3.939205,47.9600361],[-3.9386095,47.9604135],[-3.9382072,47.9607478],[-3.9382394,47.9613947],[-3.9384181,47.9619899],[-3.9380157,47.9627878],[-3.9377904,47.9627231],[-3.9375651,47.9632622],[-3.9373107,47.9640117],[-3.9357014,47.9642058],[-3.9344139,47.9642705],[-3.9336591,47.9644533],[-3.9327418,47.9649277],[-3.9324521,47.9647336],[-3.9326452,47.9636878],[-3.9327392,47.9624902],[-3.932176,47.9615629],[-3.9320311,47.9613688],[-3.9336082,47.9609915],[-3.9335117,47.9601289],[-3.9298103,47.9606249],[-3.930454,47.96166],[-3.930792,47.9621883],[-3.9292148,47.9629214],[-3.9291505,47.9627921],[-3.9278469,47.9630832],[-3.9279564,47.9637204],[-3.9278598,47.9647877],[-3.9252366,47.9649494],[-3.9253332,47.9654023],[-3.9278759,47.9651543],[-3.9286162,47.9652405],[-3.9286323,47.9657473],[-3.9291419,47.9657419],[-3.9291821,47.9658281],[-3.9291787,47.966351],[-3.929573,47.9663079],[-3.9297178,47.966378],[-3.9296052,47.9664804],[-3.9296615,47.9666313],[-3.9304581,47.9665127],[-3.9306914,47.9669195],[-3.9305788,47.9672537],[-3.9317536,47.9671656],[-3.9322122,47.9671926],[-3.9324359,47.9675601],[-3.9325888,47.9680883],[-3.9327899,47.9680883],[-3.9329428,47.9691718],[-3.934182,47.9688591],[-3.934697,47.9688376],[-3.934779,47.9700257],[-3.9365734,47.9699449],[-3.9380218,47.9696376],[-3.9385207,47.9705108],[-3.9388264,47.9713032],[-3.9401058,47.97126],[-3.9400253,47.9706941],[-3.941345,47.9706563],[-3.941176,47.9703815],[-3.9416105,47.9702629],[-3.9414366,47.9694245],[-3.9417063,47.9690353],[-3.9420443,47.9686957],[-3.9421811,47.9684531],[-3.9422535,47.9682267],[-3.9408695,47.9685777],[-3.9409339,47.9673864],[-3.9416742,47.9672301],[-3.9415937,47.9658956],[-3.9398878,47.9667258],[-3.938351,47.9662406],[-3.9384153,47.9653659],[-3.9387372,47.9651665],[-3.9393165,47.9640885],[-3.9397108,47.9638459],[-3.9397832,47.9636842],[-3.9403422,47.9622752],[-3.9406319,47.9623237],[-3.9411549,47.9623992]]],[[[-3.8976002,47.9938411],[-3.8983968,47.9937226],[-3.8995475,47.9935609],[-3.9011829,47.9933266],[-3.901191,47.9930195],[-3.8983908,47.9932619],[-3.8983264,47.9929171],[-3.8981655,47.9926747],[-3.8977873,47.992804],[-3.8976264,47.9926316],[-3.8956952,47.9921305],[-3.8952526,47.992276],[-3.8951641,47.9920012],[-3.8950273,47.9917156],[-3.8948488,47.9916196],[-3.8944304,47.991986],[-3.8941166,47.9921045],[-3.8934809,47.9922985],[-3.8935373,47.992417],[-3.8926119,47.9925948],[-3.8925073,47.9923578],[-3.8924268,47.9918513],[-3.8924993,47.9917974],[-3.8924993,47.9916304],[-3.8900451,47.9915065],[-3.890029,47.9913341],[-3.8892082,47.9913395],[-3.8892324,47.9911778],[-3.888991,47.9909623],[-3.8888059,47.990833],[-3.8872127,47.9909138],[-3.8871725,47.9907252],[-3.8872208,47.9904612],[-3.8875349,47.989896],[-3.8835841,47.9903217],[-3.883745,47.9912915],[-3.8829618,47.9916148],[-3.8817227,47.9904618],[-3.8808376,47.9900631],[-3.8800812,47.9898044],[-3.879872,47.9901924],[-3.8794697,47.9902031],[-3.8780859,47.9900809],[-3.8775924,47.9900916],[-3.877174,47.9901886],[-3.876836,47.9902856],[-3.8776672,47.9927355],[-3.8789396,47.9923957],[-3.8793097,47.9931338],[-3.8797217,47.9937719],[-3.878571,47.9942514],[-3.878748,47.9948279],[-3.8790377,47.9947848],[-3.8793274,47.9956737],[-3.8801884,47.9955767],[-3.8813551,47.9953882],[-3.881339,47.9951673],[-3.8832621,47.9951511],[-3.8847025,47.9953343],[-3.8848603,47.9958519],[-3.8851982,47.9967247],[-3.8825988,47.9971883],[-3.8828643,47.9974469],[-3.8831057,47.9980251],[-3.8836529,47.9979874],[-3.8850852,47.998079],[-3.8851174,47.9984292],[-3.8855527,47.9988817],[-3.8867918,47.99844],[-3.8877172,47.9986285],[-3.8877172,47.9985531],[-3.8882804,47.9989033],[-3.8886747,47.9989841],[-3.8895357,47.9990541],[-3.8900923,47.9996119],[-3.8911383,48.000059],[-3.8928281,47.9997951],[-3.8927396,47.999206],[-3.8923908,47.9988217],[-3.8920545,47.9982628],[-3.8917734,47.9971741],[-3.8919424,47.9964791],[-3.8921033,47.9962097],[-3.8924332,47.9958919],[-3.8930454,47.9958944],[-3.8939274,47.9958636],[-3.8939354,47.9956966],[-3.8950378,47.9959067],[-3.8965827,47.9960575],[-3.896631,47.99644],[-3.8971218,47.9964185],[-3.8975885,47.9961114],[-3.8976288,47.9958259],[-3.8975322,47.9956643],[-3.8978094,47.9956518],[-3.8982278,47.9954794],[-3.8983646,47.995237],[-3.8986463,47.99514],[-3.8986624,47.9945792],[-3.8983003,47.994159],[-3.8976002,47.9938411]]],[[[-3.8297515,48.0280928],[-3.82949,48.0276097],[-3.8302785,48.0275774],[-3.8298868,48.0269422],[-3.8308443,48.02649],[-3.8304178,48.0262809],[-3.8304822,48.0257047],[-3.8285913,48.0256019],[-3.8286074,48.0252734],[-3.8284786,48.0248804],[-3.828374,48.024719],[-3.8290982,48.0246651],[-3.8291304,48.0244013],[-3.8283736,48.0244549],[-3.8275533,48.0244282],[-3.827549,48.024086],[-3.8273598,48.0237226],[-3.8296611,48.0236364],[-3.829979,48.0228583],[-3.8286031,48.0228529],[-3.8259638,48.0232621],[-3.8259236,48.0222121],[-3.8252614,48.0223144],[-3.8252695,48.0224059],[-3.8246821,48.022449],[-3.8245936,48.0227667],[-3.8239297,48.0228591],[-3.8231734,48.0228941],[-3.8235878,48.0235133],[-3.8230358,48.0235932],[-3.8232209,48.0241963],[-3.8240336,48.0241101],[-3.8244198,48.0242878],[-3.8247014,48.0246432],[-3.8238968,48.0248801],[-3.8244439,48.025467],[-3.8245484,48.0254672],[-3.8245967,48.0258495],[-3.8245713,48.0261893],[-3.8218998,48.0264962],[-3.8219079,48.02676],[-3.8220886,48.0272004],[-3.8237301,48.027265],[-3.8237714,48.027386],[-3.8243991,48.0275368],[-3.8242703,48.0283606],[-3.8232609,48.0282035],[-3.8231161,48.0289303],[-3.8230115,48.0291564],[-3.8243069,48.0302224],[-3.8229632,48.0306854],[-3.8221988,48.0309223],[-3.8218125,48.0310515],[-3.8227942,48.0323113],[-3.8246208,48.0318053],[-3.8265841,48.0308577],[-3.8278796,48.0306585],[-3.8277505,48.0301837],[-3.8272737,48.0294566],[-3.8270318,48.0291858],[-3.8276594,48.0290243],[-3.8281583,48.0289381],[-3.8297515,48.0280928]]]]}},{"type":"Feature","properties":{"Label":"OPAH RU MULTISITES SUR LES CENTRES VILLES DE CHATEAULIN ET PLEYBEN","Type":"OPAH-RU","Date_debut":"2024-06-10","Date_fin":"2029-06-10","Maitre_ouvrage":"LA PRÉSIDENTE DE LA CC PLEYBEN CHATEAULIN PORZAY"},"geometry":{"type":"MultiPolygon","coordinates":[[[[-4.1040252,48.1954631],[-4.1053813,48.1951081],[-4.10648,48.1945355],[-4.1068748,48.1943522],[-4.1072353,48.1940888],[-4.1082481,48.1936307],[-4.1093295,48.1933215],[-4.1094144,48.1931839],[-4.1095904,48.1928232],[-4.1102813,48.192723],[-4.1104401,48.1925683],[-4.1107448,48.1925512],[-4.110762,48.1924996],[-4.1108178,48.1924252],[-4.1108521,48.1923794],[-4.1109379,48.1923651],[-4.1110967,48.1923278],[-4.1112727,48.1923107],[-4.111234,48.192219],[-4.1111396,48.1922248],[-4.1108607,48.192282],[-4.1106418,48.1922935],[-4.1103843,48.192325],[-4.1100539,48.1923937],[-4.109865,48.1924252],[-4.1097363,48.1924166],[-4.109659,48.1924023],[-4.1093925,48.1920813],[-4.1088518,48.1922187],[-4.1079248,48.1925909],[-4.1070751,48.1929632],[-4.1066839,48.1937809],[-4.105527,48.1936301],[-4.1046859,48.1938477],[-4.1037589,48.1940424],[-4.1033813,48.1942829],[-4.1016475,48.1945692],[-4.1021453,48.194615],[-4.1005161,48.1950029],[-4.1002068,48.1953786],[-4.0999411,48.1955927],[-4.0994175,48.195753],[-4.0990913,48.1954667],[-4.0985082,48.1956493],[-4.0983966,48.1963077],[-4.0982601,48.1966],[-4.0972727,48.1969139],[-4.0965853,48.1971935],[-4.096418,48.197245],[-4.0960137,48.1974155],[-4.0956254,48.1975343],[-4.0949355,48.1977298],[-4.0944474,48.1977831],[-4.0938958,48.1977975],[-4.0936469,48.197756],[-4.0934259,48.1977202],[-4.0932414,48.1976705],[-4.0930955,48.1976175],[-4.092911,48.197543],[-4.0927951,48.1974757],[-4.092705,48.1973998],[-4.09272,48.1973197],[-4.0929732,48.1970744],[-4.0935638,48.1966961],[-4.0954693,48.1957628],[-4.0961148,48.1956184],[-4.0967757,48.1954524],[-4.0973508,48.1953894],[-4.0976855,48.1952691],[-4.0979902,48.1949914],[-4.0982134,48.1943215],[-4.098222,48.1939378],[-4.0980589,48.1933423],[-4.0978529,48.1929129],[-4.095762,48.1934969],[-4.0952041,48.1928155],[-4.0938222,48.192031],[-4.0936677,48.1919565],[-4.0935389,48.1919336],[-4.0933158,48.192031],[-4.09323,48.1921512],[-4.093187,48.1922543],[-4.0933673,48.1927868],[-4.0906682,48.1928174],[-4.0905778,48.1934413],[-4.0905918,48.1936544],[-4.0905189,48.1940122],[-4.0894963,48.1944033],[-4.0888999,48.1946669],[-4.0885695,48.1948315],[-4.0881167,48.195009],[-4.0879451,48.1951597],[-4.0877433,48.1953394],[-4.0876403,48.1952249],[-4.0875502,48.195245],[-4.0871768,48.1950925],[-4.0867133,48.1953215],[-4.0874772,48.1965812],[-4.0875029,48.1967186],[-4.0871488,48.196984],[-4.0866596,48.1971558],[-4.0867196,48.1972703],[-4.0867851,48.1973662],[-4.086931,48.1975437],[-4.0869567,48.1978357],[-4.0862633,48.1983607],[-4.0863491,48.1986813],[-4.0868298,48.1984065],[-4.0893017,48.197479],[-4.0897137,48.1976851],[-4.0901448,48.1981724],[-4.0902693,48.1984129],[-4.0901985,48.1994664],[-4.0903101,48.1994607],[-4.0903587,48.1990445],[-4.0905743,48.198579],[-4.0907074,48.1983586],[-4.0909091,48.1982269],[-4.0914756,48.1979492],[-4.091836,48.1977717],[-4.0922566,48.1981324],[-4.0928203,48.1982792],[-4.0936417,48.1983717],[-4.0941824,48.1983832],[-4.0952248,48.1983041],[-4.096066,48.1981066],[-4.0972458,48.1977607],[-4.0983685,48.1974166],[-4.0986303,48.1977144],[-4.0987719,48.1977974],[-4.0990681,48.1978117],[-4.1009183,48.1964831],[-4.1015114,48.1960396],[-4.102123,48.1958431],[-4.1024663,48.1958574],[-4.1028912,48.1956198],[-4.1032356,48.1958181],[-4.1040252,48.1954631]]],[[[-3.9660923,48.2289883],[-3.9671781,48.2289039],[-3.9677274,48.2287323],[-3.9681737,48.2284576],[-3.9685997,48.227917],[-3.9693207,48.22804],[-3.9699084,48.228075],[-3.9701402,48.2280578],[-3.970209,48.2279635],[-3.9702948,48.2279406],[-3.9706467,48.2278834],[-3.9708956,48.2278033],[-3.9713162,48.2277575],[-3.971955,48.2277625],[-3.9720623,48.2269872],[-3.9720623,48.2268298],[-3.9717662,48.2268527],[-3.971812,48.2261635],[-3.971576,48.2261512],[-3.9716103,48.2255417],[-3.9715414,48.225202],[-3.9715629,48.2248243],[-3.9716833,48.2245169],[-3.9718627,48.2240186],[-3.9720827,48.2240404],[-3.9721689,48.2237371],[-3.9714157,48.2237088],[-3.971523,48.2234112],[-3.9716947,48.2230573],[-3.9719427,48.2226385],[-3.9719814,48.2225956],[-3.9719942,48.2225756],[-3.97202,48.2225312],[-3.9722217,48.2224339],[-3.972271,48.2224697],[-3.9725583,48.2223992],[-3.9727002,48.2223581],[-3.9728761,48.2223152],[-3.9729362,48.222298],[-3.9730135,48.2222808],[-3.9730993,48.2222551],[-3.9732967,48.2221979],[-3.9734701,48.2221793],[-3.9736461,48.2221564],[-3.9735495,48.2219146],[-3.9733558,48.2219518],[-3.9732486,48.2219776],[-3.973137,48.2219032],[-3.9730426,48.2218402],[-3.9727207,48.2220491],[-3.9721037,48.2224168],[-3.9720178,48.2224711],[-3.9716462,48.2228261],[-3.9715131,48.2230551],[-3.9712556,48.223015],[-3.9711226,48.2232296],[-3.9705561,48.223241],[-3.9703063,48.2232629],[-3.9702698,48.2233945],[-3.9702891,48.2234603],[-3.970169,48.2235619],[-3.9700877,48.2238267],[-3.9695628,48.2240419],[-3.9687671,48.2244779],[-3.9676255,48.2243806],[-3.9672378,48.2243254],[-3.9672292,48.2246916],[-3.9672721,48.2252639],[-3.9674352,48.226603],[-3.9669004,48.2265446],[-3.9653039,48.2263786],[-3.9651924,48.227031],[-3.9660163,48.2270996],[-3.9666944,48.2272827],[-3.9670372,48.2273269],[-3.9678203,48.2272192],[-3.9678054,48.2275644],[-3.9677603,48.2277113],[-3.9677076,48.2278438],[-3.9676424,48.2279708],[-3.9675832,48.2280898],[-3.9675016,48.2282472],[-3.9674459,48.2282958],[-3.9672696,48.2283955],[-3.9666988,48.2285328],[-3.9660108,48.2285492],[-3.9660923,48.2289883]]]]}},{"type":"Feature","properties":{"Label":"OPAH RU CENTRE VILLE DE VANNES","Type":"OPAH-RU","Date_debut":"2021-07-29","Date_fin":"2026-07-29","Maitre_ouvrage":"VILLE DE VANNES"},"geometry":{"type":"MultiPolygon","coordinates":[[[[-2.7505314,47.6649042],[-2.7508604,47.6648657],[-2.7513253,47.6647886],[-2.7516758,47.6647356],[-2.7521264,47.6646586],[-2.7521264,47.6647742],[-2.7522408,47.6649813],[-2.755717,47.6638878],[-2.7558171,47.6640709],[-2.7575194,47.6639071],[-2.7577707,47.6638251],[-2.7578798,47.6637637],[-2.7580657,47.6638552],[-2.7581033,47.6638492],[-2.7581605,47.6637733],[-2.7580085,47.663689],[-2.7580908,47.6635722],[-2.7582356,47.6635927],[-2.7585217,47.6636962],[-2.7586308,47.6635517],[-2.7585736,47.6635385],[-2.7586147,47.6634313],[-2.7586826,47.6633253],[-2.7586254,47.6633084],[-2.7586987,47.6631206],[-2.758275,47.6630001],[-2.758275,47.6629761],[-2.7581891,47.6629568],[-2.7582267,47.6628677],[-2.7585217,47.6629472],[-2.7585897,47.6628592],[-2.7586523,47.6627954],[-2.7588168,47.6625028],[-2.7588364,47.6624654],[-2.7586075,47.6623402],[-2.758688,47.6620788],[-2.7585843,47.661956],[-2.7585682,47.6618693],[-2.7586773,47.661514],[-2.7595144,47.6614077],[-2.7600795,47.6612319],[-2.7608055,47.6606995],[-2.7613204,47.6603358],[-2.7621108,47.659724],[-2.7626222,47.6593627],[-2.7631729,47.6591266],[-2.7636987,47.6589532],[-2.7637237,47.6588689],[-2.7629548,47.6586473],[-2.7628884,47.6586284],[-2.7629348,47.6585296],[-2.7623716,47.658485],[-2.7624002,47.6580804],[-2.7623269,47.6580635],[-2.7623698,47.6579057],[-2.7627295,47.6579126],[-2.7640634,47.658086],[-2.7645677,47.6580812],[-2.7645677,47.6579825],[-2.7646407,47.6579852],[-2.7646479,47.6577684],[-2.7650162,47.6577829],[-2.7650466,47.6575492],[-2.7650502,47.6573625],[-2.7646765,47.6573264],[-2.7646997,47.6570349],[-2.7647659,47.6569735],[-2.764782,47.6568699],[-2.7646515,47.6568699],[-2.7646676,47.6566977],[-2.7646747,47.6565387],[-2.7649322,47.6565459],[-2.7649823,47.6563954],[-2.7648231,47.6563918],[-2.7648285,47.6563376],[-2.7647802,47.6563327],[-2.7648124,47.6562183],[-2.7648267,47.6561786],[-2.764233,47.656075],[-2.7633768,47.6559205],[-2.7629977,47.6558554],[-2.7626079,47.655694],[-2.7621644,47.655482],[-2.7617031,47.6553399],[-2.7610057,47.6550894],[-2.7608555,47.6550316],[-2.7605873,47.6549786],[-2.7605944,47.6547497],[-2.7603763,47.6546558],[-2.7601188,47.6545811],[-2.7596181,47.6544871],[-2.7596503,47.653962],[-2.7600151,47.6539427],[-2.7600079,47.653762],[-2.7602046,47.6533862],[-2.7602976,47.6533597],[-2.7603978,47.6533236],[-2.7604764,47.6530538],[-2.7603477,47.6528731],[-2.7601903,47.6526563],[-2.7602762,47.6526346],[-2.7602261,47.6525575],[-2.7599507,47.6525912],[-2.7598971,47.6525358],[-2.7597934,47.6525093],[-2.7596718,47.6525455],[-2.7595752,47.6524346],[-2.7593213,47.6524756],[-2.7591854,47.6525117],[-2.7591782,47.6527743],[-2.7593284,47.6531092],[-2.7593642,47.6534103],[-2.7591782,47.653538],[-2.7591461,47.6536392],[-2.7586239,47.6540343],[-2.7584809,47.6540921],[-2.7578371,47.6541017],[-2.7577477,47.6540246],[-2.7577406,47.6537693],[-2.7573973,47.6537355],[-2.757526,47.6535645],[-2.7576619,47.6534248],[-2.7576011,47.6530923],[-2.7573222,47.6523046],[-2.7571898,47.6520227],[-2.7566784,47.6521335],[-2.7567821,47.6523431],[-2.7567786,47.6524491],[-2.7566105,47.6524684],[-2.7566355,47.6525985],[-2.7566462,47.6527406],[-2.75675,47.6528297],[-2.7564853,47.6528514],[-2.7564674,47.6528008],[-2.7562493,47.6528346],[-2.756235,47.6527912],[-2.7559954,47.6528201],[-2.7559167,47.6526274],[-2.7558845,47.6525117],[-2.7558523,47.6524467],[-2.7557343,47.6522732],[-2.7554732,47.6522997],[-2.7553087,47.6523262],[-2.7550763,47.6523455],[-2.7548939,47.6523913],[-2.7547186,47.6523383],[-2.7543825,47.6524057],[-2.754504,47.6528032],[-2.7548474,47.652743],[-2.754876,47.6527936],[-2.7549761,47.6529261],[-2.7548438,47.6529574],[-2.7549475,47.6531357],[-2.7551907,47.6530899],[-2.7552479,47.65342],[-2.7555054,47.6533766],[-2.7555447,47.6534826],[-2.755559,47.6537476],[-2.7555555,47.6537958],[-2.7556485,47.6537741],[-2.7556699,47.6538174],[-2.7555805,47.6538319],[-2.7556163,47.6539162],[-2.7554375,47.6539379],[-2.7554911,47.6540945],[-2.7557164,47.6540848],[-2.7557522,47.6542607],[-2.7558308,47.6542872],[-2.7557307,47.654598],[-2.7556699,47.6547714],[-2.7556628,47.6548822],[-2.7557379,47.6550653],[-2.7555197,47.655258],[-2.7551907,47.6554772],[-2.7550834,47.6556025],[-2.7550119,47.6560048],[-2.7549454,47.656676],[-2.7549025,47.6566869],[-2.7548042,47.6570867],[-2.7546399,47.6571297],[-2.7545684,47.6574067],[-2.7546793,47.6574164],[-2.7546364,47.6575079],[-2.754597,47.6582763],[-2.7541393,47.658351],[-2.7533954,47.6584449],[-2.7530378,47.6584305],[-2.7527696,47.6583486],[-2.7525657,47.6582474],[-2.7527088,47.6580957],[-2.7523511,47.6579463],[-2.7521723,47.6578789],[-2.7520114,47.6580138],[-2.7520078,47.6579271],[-2.7518361,47.6578933],[-2.7518326,47.6578379],[-2.7517861,47.6578307],[-2.7517789,47.6578596],[-2.751593,47.6578259],[-2.7515715,47.657903],[-2.7516144,47.6579656],[-2.7514678,47.6579728],[-2.7514606,47.6578476],[-2.7514678,47.6577705],[-2.7513712,47.6577705],[-2.7511924,47.6577633],[-2.7506703,47.6578114],[-2.7506739,47.6577681],[-2.7502054,47.6577922],[-2.7498406,47.6577006],[-2.7496832,47.6580041],[-2.7495366,47.6580475],[-2.7495831,47.6579126],[-2.7496081,47.6578692],[-2.749322,47.6577897],[-2.7494257,47.6576187],[-2.7489572,47.6574067],[-2.7486318,47.6572718],[-2.7485102,47.6574477],[-2.7481919,47.6573682],[-2.7483385,47.6570936],[-2.7481776,47.6570743],[-2.7479738,47.6570647],[-2.7478915,47.6572044],[-2.7473873,47.6570695],[-2.7470117,47.6570165],[-2.7468437,47.6574742],[-2.7466791,47.6574429],[-2.7466148,47.6575657],[-2.7467721,47.6578259],[-2.7471584,47.6581222],[-2.7479308,47.6584377],[-2.7485746,47.6586786],[-2.7494973,47.6590399],[-2.7500945,47.6592423],[-2.7507919,47.6594807],[-2.7519291,47.6597722],[-2.7528017,47.6599841],[-2.7535849,47.6603744],[-2.7545112,47.6608561],[-2.7538144,47.6612384],[-2.7526128,47.6620043],[-2.7521407,47.6623271],[-2.7518903,47.6625246],[-2.7514111,47.6630834],[-2.7507316,47.6643551],[-2.7505314,47.6649042]]]]}},{"type":"Feature","properties":{"Label":"OPAH RU MULTI SITES CENTRES ANCIENS DE QUINTIN ET SAINT BRIEUC","Type":"OPAH-RU","Date_debut":"2025-04-01","Date_fin":"2030-03-31","Maitre_ouvrage":"M. LE PRÉSIDENT DE SAINT-BRIEUC AGGLOMÉRATION"},"geometry":{"type":"MultiPolygon","coordinates":[]}},{"type":"Feature","properties":{"Label":"OPAH COPROPRIETE GOLFE DU MORBIHAN VANNES AGGLOMERATION","Type":"OPAH-D","Date_debut":"2017-06-02","Date_fin":"2022-06-01","Maitre_ouvrage":"PRÉSIDENT CA VANNES POUR ETAT"},"geometry":{"type":"MultiPolygon","coordinates":[[[[-2.9309309,47.5803888],[-2.9305519,47.5803888],[-2.9303638,47.5796198],[-2.9303648,47.5785938],[-2.9301758,47.5780808],[-2.9294178,47.5780808],[-2.9292298,47.5773108],[-2.9286618,47.5769258],[-2.9279038,47.5767968],[-2.9279028,47.5775668],[-2.9267658,47.5776938],[-2.9263868,47.5775658],[-2.9261958,47.5785908],[-2.9258168,47.5788468],[-2.9258158,47.5793598],[-2.9260049,47.5796168],[-2.9275208,47.5796178],[-2.9280878,47.5806438],[-2.9282768,47.5814138],[-2.9297928,47.5812858],[-2.9309298,47.5814148],[-2.9309309,47.5803888]]],[[[-2.9214728,47.5693558],[-2.9214411,47.5689425],[-2.9207546,47.5689831],[-2.9199134,47.5692147],[-2.9192439,47.5695506],[-2.9190089,47.5698678],[-2.9191978,47.5701238],[-2.9207546,47.5698401],[-2.9212866,47.5696664],[-2.9214728,47.5693558]]],[[[-2.9243069,47.5744868],[-2.9235508,47.5732048],[-2.9233618,47.5730758],[-2.9226038,47.5728188],[-2.922102,47.5723591],[-2.9214688,47.5720488],[-2.9207287,47.5722028],[-2.9205208,47.5724328],[-2.9212768,47.5734588],[-2.9220338,47.5739728],[-2.9226019,47.5747418],[-2.9224108,47.5752548],[-2.9225998,47.5755118],[-2.9241169,47.5748718],[-2.9243069,47.5744868]]],[[[-2.7873817,47.5618392],[-2.787152,47.5616688],[-2.7870514,47.5623707],[-2.7872899,47.5626464],[-2.7872305,47.5620899],[-2.7873817,47.5618392]]],[[[-2.9118008,47.5749908],[-2.9114218,47.5747338],[-2.9108549,47.5739638],[-2.9110458,47.5731948],[-2.9106678,47.5729388],[-2.9106688,47.5721688],[-2.9102908,47.5716558],[-2.9102968,47.5680658],[-2.9099198,47.5670398],[-2.9092103,47.5667882],[-2.9083691,47.5668635],[-2.9080258,47.5667818],[-2.9065667,47.5676859],[-2.9061205,47.5683461],[-2.9070748,47.5687038],[-2.9074538,47.5689608],[-2.9078328,47.5689608],[-2.9081631,47.5691452],[-2.9083989,47.5698598],[-2.9083919,47.5742188],[-2.9087699,47.5747318],[-2.9086781,47.5762561],[-2.9089356,47.5775126],[-2.9097082,47.5776863],[-2.9104698,47.5775538],[-2.9106522,47.576644],[-2.9118008,47.5752468],[-2.9118008,47.5749908]]],[[[-2.7953219,47.5645999],[-2.795218,47.564401],[-2.7947572,47.56422],[-2.7931871,47.5628391],[-2.7919076,47.5622504],[-2.7900261,47.5621874],[-2.7891118,47.5623439],[-2.788762,47.5626805],[-2.7888128,47.5631558],[-2.7892718,47.5633741],[-2.7897526,47.5638555],[-2.7899766,47.5639069],[-2.7903298,47.5636402],[-2.7906149,47.5635825],[-2.7912966,47.5636799],[-2.7927568,47.5646294],[-2.7932207,47.5652442],[-2.7933117,47.5659763],[-2.7939392,47.5667345],[-2.7952146,47.5651377],[-2.7953219,47.5645999]]],[[[-2.7844341,47.5686461],[-2.7842624,47.5683161],[-2.7840049,47.5682292],[-2.7839019,47.5684029],[-2.7841766,47.5689241],[-2.784374,47.5689531],[-2.7844341,47.5686461]]],[[[-2.8422239,47.5691847],[-2.8421552,47.5689646],[-2.8419836,47.5688836],[-2.8417519,47.5689241],[-2.8416403,47.5690573],[-2.8419235,47.5693469],[-2.8422239,47.5691847]]],[[[-2.9150149,47.5796088],[-2.9146388,47.5775578],[-2.9138808,47.5778128],[-2.9138808,47.5773008],[-2.9135018,47.5774278],[-2.9119858,47.5775548],[-2.9119839,47.5785808],[-2.9123629,47.5785818],[-2.9123629,47.5788378],[-2.9119839,47.5788378],[-2.9123618,47.5793508],[-2.9138779,47.5790958],[-2.9142558,47.5798648],[-2.9150149,47.5796088]]],[[[-2.9011958,47.5719048],[-2.9002508,47.5707498],[-2.8991138,47.5710058],[-2.8983558,47.5710048],[-2.8975968,47.5715168],[-2.8964598,47.5716438],[-2.8962688,47.5721568],[-2.8955098,47.5726688],[-2.8955068,47.5742078],[-2.8958848,47.5747208],[-2.8962598,47.5770298],[-2.8968678,47.5772983],[-2.8975848,47.5774148],[-2.8979836,47.5770783],[-2.8979678,47.5757488],[-2.8996759,47.5739548],[-2.8996768,47.5734418],[-2.8998678,47.5729298],[-2.9004384,47.5727239],[-2.9011958,47.5719048]]],[[[-2.7854944,47.5779858],[-2.7853342,47.5779072],[-2.7851693,47.5779405],[-2.7852923,47.5780933],[-2.7854944,47.5779858]]],[[[-2.7952136,47.5712576],[-2.7950784,47.5708456],[-2.7946475,47.5703693],[-2.7937609,47.5702673],[-2.792854,47.5698899],[-2.7919361,47.5698968],[-2.7915133,47.5697787],[-2.7903772,47.5692706],[-2.7896039,47.568776],[-2.7878064,47.5691618],[-2.7868281,47.5689672],[-2.7862486,47.5686118],[-2.7860349,47.5686025],[-2.7858534,47.5687278],[-2.785861,47.5688376],[-2.7870225,47.5696801],[-2.7879138,47.5698318],[-2.788944,47.5704625],[-2.7893071,47.5708626],[-2.789489,47.5714492],[-2.7891835,47.572612],[-2.7880775,47.5728643],[-2.7872336,47.5727853],[-2.7868261,47.5732377],[-2.7859956,47.5737175],[-2.7857806,47.5753276],[-2.7867323,47.5757529],[-2.7897877,47.5762788],[-2.7910211,47.576697],[-2.7916685,47.5775059],[-2.7917323,47.5779996],[-2.7910744,47.5783037],[-2.7905921,47.5787681],[-2.7902801,47.578871],[-2.7902006,47.5787753],[-2.7898114,47.5791555],[-2.7907201,47.5800353],[-2.7913107,47.5800757],[-2.7919246,47.5796761],[-2.7927762,47.5794602],[-2.7935242,47.5794522],[-2.7938973,47.5791664],[-2.7937795,47.5790467],[-2.7928893,47.5789147],[-2.7923117,47.5784941],[-2.7921181,47.5779822],[-2.7921608,47.5772627],[-2.7923999,47.5771474],[-2.7932508,47.5771781],[-2.7933867,47.5770542],[-2.7934716,47.5767784],[-2.7928647,47.576079],[-2.7925318,47.5752877],[-2.7927285,47.574109],[-2.7946162,47.5733753],[-2.79486,47.5730012],[-2.7948086,47.5722784],[-2.7951891,47.5717125],[-2.7952136,47.5712576]]],[[[-2.8697991,47.5778148],[-2.8695922,47.5775013],[-2.869721,47.5774434],[-2.8697961,47.5770525],[-2.8694313,47.5768137],[-2.8692811,47.5764446],[-2.8690987,47.5764373],[-2.868927,47.5764735],[-2.8685623,47.5768788],[-2.867822,47.5769367],[-2.8671353,47.5771394],[-2.866395,47.5775592],[-2.8660624,47.5780151],[-2.8656547,47.5780875],[-2.8655905,47.5782902],[-2.8664701,47.5783481],[-2.8678541,47.5791948],[-2.8681868,47.5792383],[-2.868573,47.579079],[-2.8685944,47.5789343],[-2.8696995,47.5780658],[-2.8697991,47.5778148]]],[[[-2.8157829,47.6142674],[-2.8150414,47.6139698],[-2.8141118,47.6143695],[-2.8139994,47.6145392],[-2.8143218,47.6146743],[-2.8149006,47.614531],[-2.8154284,47.6145241],[-2.8157829,47.6142674]]],[[[-2.7866425,47.616092],[-2.7857505,47.6156816],[-2.7852966,47.6156129],[-2.785023,47.6158002],[-2.7847328,47.6158067],[-2.7834947,47.6153457],[-2.7831949,47.6153866],[-2.7823054,47.6152144],[-2.7814133,47.6147567],[-2.7802122,47.6144878],[-2.7794746,47.6140203],[-2.7785271,47.6137087],[-2.7779729,47.613789],[-2.7769295,47.6136706],[-2.776151,47.6136948],[-2.7749915,47.6132178],[-2.7742786,47.6132886],[-2.7741717,47.6133765],[-2.7740395,47.6142131],[-2.7746439,47.6149988],[-2.7753025,47.614887],[-2.7760777,47.6150081],[-2.7770795,47.6153441],[-2.778291,47.6147839],[-2.7794683,47.6148787],[-2.7800926,47.6152209],[-2.7804493,47.6158977],[-2.7811985,47.6163728],[-2.782262,47.6167806],[-2.7832046,47.6170131],[-2.7833939,47.6171248],[-2.7833535,47.617307],[-2.7839923,47.6176913],[-2.7841923,47.6176255],[-2.7848211,47.6179611],[-2.7849572,47.6178225],[-2.7848554,47.6176711],[-2.7842812,47.6174555],[-2.78404,47.6171418],[-2.7839985,47.6167466],[-2.7843264,47.6161645],[-2.7846652,47.6160163],[-2.7857582,47.6161893],[-2.7866425,47.616092]]],[[[-2.9335173,47.5849975],[-2.9333225,47.5847052],[-2.9321493,47.5846175],[-2.931292,47.5844226],[-2.9300445,47.5838952],[-2.929679,47.5838529],[-2.9289352,47.5841221],[-2.9285761,47.5846963],[-2.9288092,47.5849182],[-2.9279865,47.5855649],[-2.9280736,47.585777],[-2.9282381,47.5857888],[-2.9284873,47.5860427],[-2.9293051,47.585977],[-2.9300021,47.5861709],[-2.930541,47.5857098],[-2.9309962,47.5855869],[-2.9329689,47.585408],[-2.9335173,47.5849975]]],[[[-2.6849355,47.5902856],[-2.6847442,47.5904559],[-2.6853231,47.5904995],[-2.6872013,47.5902912],[-2.6897209,47.5901804],[-2.690035,47.5895797],[-2.6905135,47.5897309],[-2.6927581,47.5903412],[-2.6931766,47.5906835],[-2.69422,47.5911277],[-2.6945326,47.5911895],[-2.6952266,47.5910717],[-2.6955337,47.5907197],[-2.6952551,47.5902718],[-2.6960087,47.5897349],[-2.6962856,47.5892219],[-2.6958161,47.5888117],[-2.6958629,47.5885265],[-2.6956395,47.5881111],[-2.6961146,47.5879023],[-2.6967307,47.5872515],[-2.6967831,47.587035],[-2.6964394,47.5860244],[-2.6968679,47.5859778],[-2.6970008,47.5863305],[-2.6974376,47.5868259],[-2.6985149,47.5874555],[-2.6985021,47.5878311],[-2.6981515,47.5882098],[-2.698037,47.5884358],[-2.6981648,47.588497],[-2.6979835,47.5885352],[-2.6979922,47.588721],[-2.6981865,47.5892518],[-2.6988614,47.5897866],[-2.6992462,47.5900048],[-2.7000088,47.5899191],[-2.7008632,47.5899778],[-2.701388,47.5900263],[-2.7025496,47.5903804],[-2.7029009,47.5904266],[-2.7032088,47.5903354],[-2.703198,47.590099],[-2.7037009,47.5896415],[-2.7038981,47.589181],[-2.7036565,47.5885465],[-2.7034437,47.5884625],[-2.7033114,47.5879122],[-2.702899,47.5874139],[-2.7031822,47.5872458],[-2.7037245,47.5871558],[-2.7046898,47.5874189],[-2.7046925,47.5874926],[-2.7064389,47.5877274],[-2.707057,47.5875686],[-2.7077524,47.586979],[-2.7077213,47.5868872],[-2.7073776,47.5868784],[-2.7067503,47.5866026],[-2.7067055,47.5860162],[-2.7062783,47.5856748],[-2.7059828,47.5850073],[-2.7060025,47.5847341],[-2.7062291,47.5846756],[-2.7067454,47.5841268],[-2.7065799,47.5839867],[-2.7072605,47.5837201],[-2.7076858,47.5834211],[-2.7077535,47.5831205],[-2.7070837,47.5825652],[-2.7064007,47.5822604],[-2.7056922,47.5820458],[-2.7049893,47.5820298],[-2.7051093,47.5818624],[-2.7049608,47.5812175],[-2.7045894,47.5808486],[-2.7053571,47.5807625],[-2.7053765,47.5806758],[-2.7049809,47.5805586],[-2.7047561,47.5803371],[-2.7044856,47.5799631],[-2.7043666,47.5794961],[-2.7052052,47.5788296],[-2.7062326,47.5782158],[-2.7069206,47.5772301],[-2.7073428,47.5769588],[-2.7080121,47.576742],[-2.7088588,47.5766363],[-2.7092389,47.5767068],[-2.7093738,47.5764662],[-2.7089535,47.5765107],[-2.7080139,47.5761843],[-2.7084344,47.5756981],[-2.7085031,47.5755335],[-2.7083684,47.5754507],[-2.7085733,47.5753543],[-2.708492,47.5752635],[-2.708749,47.5750717],[-2.7075719,47.5748316],[-2.7066061,47.5751346],[-2.7039378,47.5736279],[-2.7017598,47.5727867],[-2.6992514,47.5711777],[-2.6980804,47.5701574],[-2.6971014,47.5694826],[-2.6936623,47.5674524],[-2.6912534,47.5656672],[-2.6899934,47.5639842],[-2.6886641,47.5613964],[-2.6889677,47.5605525],[-2.6900073,47.5594975],[-2.6903496,47.5593272],[-2.6903075,47.5583347],[-2.6893228,47.5570927],[-2.6890445,47.5543922],[-2.6886488,47.5537242],[-2.6885105,47.5538175],[-2.687809,47.5538557],[-2.6872878,47.5540459],[-2.6874332,47.5544475],[-2.6871827,47.5545757],[-2.6864917,47.5546727],[-2.6859155,47.5548805],[-2.6857735,47.554711],[-2.6854184,47.5547719],[-2.6853794,47.5548716],[-2.6847172,47.5548059],[-2.6835923,47.5549771],[-2.6825595,47.554987],[-2.6816822,47.5553717],[-2.6815159,47.5558301],[-2.6799628,47.5560215],[-2.6797968,47.5555021],[-2.679511,47.5551318],[-2.6784195,47.554662],[-2.6789139,47.5540613],[-2.6799072,47.5518017],[-2.6799503,47.5516161],[-2.6797405,47.5512137],[-2.6799549,47.5510399],[-2.6775023,47.5474252],[-2.6761144,47.5467835],[-2.6760819,47.5463842],[-2.6755431,47.5456117],[-2.6755652,47.5453748],[-2.6759539,47.5449653],[-2.6760024,47.543625],[-2.6757578,47.5430705],[-2.6746492,47.5422705],[-2.6742783,47.5422189],[-2.6733381,47.542493],[-2.6719652,47.5436446],[-2.67159,47.5441707],[-2.6710212,47.5445019],[-2.6695083,47.5441401],[-2.6690392,47.5439115],[-2.6669696,47.5445573],[-2.6648349,47.5431656],[-2.6647654,47.5428365],[-2.6652625,47.5423575],[-2.665388,47.5420675],[-2.6660038,47.5418298],[-2.6670388,47.5411568],[-2.666924,47.540995],[-2.6658213,47.5405417],[-2.6654913,47.5405161],[-2.6650801,47.5410007],[-2.6648343,47.5409932],[-2.6645608,47.5406817],[-2.664703,47.5400867],[-2.6634897,47.5394247],[-2.6629993,47.539428],[-2.6625625,47.539569],[-2.6620743,47.5402174],[-2.6611626,47.5396776],[-2.6597473,47.5398521],[-2.6593716,47.5400446],[-2.6586474,47.5406931],[-2.6583662,47.5407921],[-2.6577984,47.540786],[-2.6571519,47.5404065],[-2.657011,47.5399164],[-2.6577681,47.5391258],[-2.6579025,47.5385902],[-2.6576014,47.5381791],[-2.6568818,47.5376157],[-2.6550145,47.537024],[-2.6540431,47.5369344],[-2.6506747,47.5371083],[-2.6479814,47.5371366],[-2.6476306,47.5366283],[-2.6475105,47.5348692],[-2.6458062,47.5330895],[-2.6450741,47.5333874],[-2.6440732,47.5328999],[-2.6428883,47.5324841],[-2.6406674,47.5340828],[-2.6394823,47.5345025],[-2.6392305,47.5348015],[-2.6372578,47.5347458],[-2.6366234,47.53492],[-2.6354057,47.5345133],[-2.6347763,47.5351626],[-2.633997,47.5345705],[-2.6336828,47.5340611],[-2.6325014,47.5334362],[-2.6307951,47.5330393],[-2.6300689,47.5326335],[-2.6290116,47.5324637],[-2.6278386,47.5324354],[-2.6274199,47.5323171],[-2.6269295,47.5316162],[-2.626385,47.5311275],[-2.6254505,47.5308277],[-2.6246708,47.5307075],[-2.6220746,47.5313599],[-2.6216546,47.5312212],[-2.6214785,47.5310291],[-2.6202043,47.5311271],[-2.6198679,47.530968],[-2.6191523,47.5313581],[-2.6174234,47.5329742],[-2.615862,47.5341746],[-2.6140411,47.5360996],[-2.6132858,47.5376222],[-2.6138718,47.5381643],[-2.6143256,47.5382355],[-2.6144337,47.5384782],[-2.6142435,47.5384767],[-2.6134228,47.5390483],[-2.6126605,47.5385685],[-2.6119964,47.5383],[-2.6114308,47.5378882],[-2.6111309,47.5372657],[-2.610321,47.536957],[-2.6095602,47.5364984],[-2.6094521,47.5362244],[-2.6095485,47.5359063],[-2.6099383,47.5355658],[-2.6100101,47.5352895],[-2.6078299,47.5346157],[-2.6074838,47.5346397],[-2.6071587,47.5337777],[-2.606521,47.5331523],[-2.6062715,47.5327005],[-2.6050882,47.5322927],[-2.6047523,47.5319731],[-2.6042845,47.5311406],[-2.6034491,47.5311126],[-2.6027555,47.5314125],[-2.6023279,47.5314512],[-2.6023039,47.5317507],[-2.6016522,47.5323491],[-2.6004208,47.5326346],[-2.6000185,47.5328887],[-2.5994875,47.5328991],[-2.5985029,47.5331528],[-2.5981629,47.5331024],[-2.5969804,47.5332216],[-2.5942397,47.5337102],[-2.5938327,47.5339872],[-2.5939771,47.5342823],[-2.5938709,47.5344835],[-2.5935605,47.5345196],[-2.5929299,47.5350148],[-2.5913221,47.5351003],[-2.5910558,47.5352414],[-2.5908737,47.5356305],[-2.5904992,47.5358352],[-2.5864776,47.5375081],[-2.5870102,47.5377523],[-2.587144,47.5381566],[-2.5875912,47.5383046],[-2.5880912,47.5400767],[-2.5870067,47.5403641],[-2.5865683,47.5408487],[-2.5862537,47.5414645],[-2.5863238,47.5423617],[-2.5860655,47.542462],[-2.5858757,47.5422099],[-2.5855206,47.5421186],[-2.5844595,47.5432864],[-2.5838251,47.5431126],[-2.5829801,47.5433759],[-2.5828058,47.5448127],[-2.5830993,47.5452924],[-2.5825187,47.5459568],[-2.5823199,47.5466997],[-2.5818714,47.5467232],[-2.581634,47.5468503],[-2.5817729,47.5473424],[-2.5801149,47.5470745],[-2.5795911,47.5468951],[-2.5790189,47.5469308],[-2.57859,47.5468001],[-2.5781795,47.5468555],[-2.5779592,47.5471269],[-2.5774435,47.5471008],[-2.5766817,47.5473494],[-2.5763496,47.5482273],[-2.5764726,47.548625],[-2.5771117,47.5493055],[-2.5768831,47.5494775],[-2.5778047,47.5497914],[-2.5793367,47.5510216],[-2.5813047,47.5518042],[-2.5822502,47.5524149],[-2.5826868,47.5534056],[-2.5832253,47.55384],[-2.582994,47.5543022],[-2.5818412,47.5545235],[-2.5816475,47.5547288],[-2.5818687,47.5550711],[-2.5828357,47.5554758],[-2.582993,47.5556462],[-2.5829456,47.5558025],[-2.5823961,47.5561943],[-2.5809366,47.5564236],[-2.5812925,47.5574155],[-2.5815425,47.5575664],[-2.5821955,47.557431],[-2.5825948,47.557633],[-2.5830524,47.5576303],[-2.5832263,47.5578895],[-2.5831965,47.5582104],[-2.5826098,47.5583094],[-2.5821064,47.5579525],[-2.5810922,47.5582908],[-2.5809054,47.5586687],[-2.5812956,47.558998],[-2.5824295,47.5592527],[-2.5827199,47.559838],[-2.5821229,47.5600002],[-2.5819335,47.5601708],[-2.5823819,47.5604015],[-2.5830468,47.5605103],[-2.583081,47.5611886],[-2.5832434,47.5612537],[-2.5840492,47.5610342],[-2.5846796,47.5613036],[-2.5849011,47.5617417],[-2.5842612,47.5622833],[-2.5839774,47.5622242],[-2.5839494,47.5618448],[-2.5835698,47.5616102],[-2.5831752,47.5619809],[-2.5820455,47.5615929],[-2.5818796,47.5617661],[-2.5816748,47.5625335],[-2.5811392,47.5628071],[-2.5813202,47.5631054],[-2.5812379,47.5632695],[-2.5809567,47.5633029],[-2.580563,47.5631556],[-2.5801041,47.5632157],[-2.5802478,47.5634443],[-2.5805574,47.5635834],[-2.5812054,47.5636697],[-2.5815054,47.5640903],[-2.5812929,47.5643839],[-2.581594,47.5644946],[-2.5816843,47.5649498],[-2.5821349,47.5649733],[-2.581879,47.5652732],[-2.5828412,47.5655421],[-2.5829004,47.5660843],[-2.582723,47.5665195],[-2.5823492,47.5668637],[-2.5818339,47.5668864],[-2.581573,47.5671393],[-2.5820477,47.5675133],[-2.5821188,47.5677664],[-2.5820371,47.5680652],[-2.5816087,47.5682704],[-2.5818162,47.5686921],[-2.5816793,47.5690196],[-2.5835427,47.5703472],[-2.5837884,47.570342],[-2.5837587,47.5695912],[-2.5839996,47.5696874],[-2.5841948,47.5700797],[-2.5848901,47.5702268],[-2.5852585,47.5705241],[-2.5851101,47.5708233],[-2.5848379,47.5709472],[-2.5848809,47.5712695],[-2.5843146,47.5717452],[-2.5841064,47.5720988],[-2.5845504,47.5724991],[-2.5849484,47.5723837],[-2.5851852,47.5726222],[-2.5847813,47.5728602],[-2.5845214,47.5732586],[-2.5835212,47.5733577],[-2.5829251,47.5737237],[-2.5827797,47.5740621],[-2.5828168,47.57461],[-2.5832079,47.5751903],[-2.5826556,47.5759977],[-2.5823672,47.5762428],[-2.5819947,47.5763572],[-2.5817388,47.5768833],[-2.5816271,47.5775646],[-2.5814074,47.5778209],[-2.5811387,47.5778865],[-2.5801654,47.5777963],[-2.5792878,47.5781303],[-2.5789219,47.5778985],[-2.5784706,47.5779506],[-2.5779489,47.5782997],[-2.5780114,47.5785187],[-2.5778976,47.5786393],[-2.57769,47.5786715],[-2.5771757,47.5790283],[-2.5773391,47.5790837],[-2.5770617,47.5793839],[-2.5767171,47.5794524],[-2.5766035,47.5793385],[-2.5761379,47.5796619],[-2.57592,47.5801434],[-2.5763988,47.5805977],[-2.576854,47.5807333],[-2.57681,47.5808949],[-2.5770263,47.5809296],[-2.5770513,47.5813291],[-2.5767115,47.5813865],[-2.5767427,47.5815936],[-2.5764279,47.5816206],[-2.5763359,47.5817637],[-2.576073,47.5817643],[-2.5759511,47.5818668],[-2.5755101,47.5818027],[-2.5747191,47.5819922],[-2.5746248,47.5821301],[-2.5748243,47.5821647],[-2.5747829,47.5823865],[-2.5736845,47.5828481],[-2.5728718,47.5828487],[-2.5720654,47.5825695],[-2.5714518,47.5831964],[-2.5718109,47.5839414],[-2.5716203,47.584332],[-2.5709184,47.58463],[-2.5704579,47.5846032],[-2.5702684,47.5844274],[-2.5696458,47.5846697],[-2.5696134,47.5845311],[-2.5694642,47.5845133],[-2.5686255,47.5847028],[-2.5680376,47.5854042],[-2.5679154,47.5853117],[-2.5677824,47.5853861],[-2.5668785,47.5865574],[-2.5668408,47.586896],[-2.5671055,47.5869922],[-2.56725,47.5872427],[-2.5667336,47.5875851],[-2.5663282,47.5875568],[-2.5658652,47.5878974],[-2.5659048,47.5881652],[-2.5661196,47.5882808],[-2.565884,47.5886616],[-2.5660242,47.5887112],[-2.5660752,47.5885723],[-2.5661781,47.5886572],[-2.5662586,47.5892129],[-2.5657699,47.5893591],[-2.5659111,47.5895743],[-2.5656954,47.5896599],[-2.5654445,47.589625],[-2.5649321,47.5898429],[-2.5647168,47.5901018],[-2.5648426,47.5901307],[-2.5646968,47.5903557],[-2.5648318,47.5903809],[-2.5648894,47.5905531],[-2.5650674,47.5904904],[-2.5661079,47.5911633],[-2.5661653,47.5912493],[-2.5660185,47.5913685],[-2.5661958,47.5914005],[-2.5663701,47.5917804],[-2.5661598,47.5918163],[-2.5660352,47.5920066],[-2.5661562,47.5922412],[-2.5657826,47.592584],[-2.5658331,47.5927174],[-2.5659889,47.5926919],[-2.5661357,47.5928052],[-2.5661407,47.5929819],[-2.5657444,47.593047],[-2.5658778,47.5931833],[-2.5657708,47.593545],[-2.5643081,47.5938747],[-2.5636034,47.5941679],[-2.5633919,47.5944246],[-2.5623844,47.5950045],[-2.5622526,47.5953303],[-2.5621559,47.5952378],[-2.561951,47.5952742],[-2.5612181,47.5958433],[-2.560025,47.5963936],[-2.5597225,47.5967129],[-2.5592437,47.5967432],[-2.5589998,47.5968914],[-2.5587823,47.5967087],[-2.5584242,47.5967749],[-2.5576042,47.5973823],[-2.5577846,47.5975546],[-2.5587747,47.597514],[-2.560704,47.5970197],[-2.5625115,47.5974244],[-2.5664402,47.5978551],[-2.5679008,47.5981333],[-2.5699895,47.5983128],[-2.5709147,47.598514],[-2.5715344,47.59858],[-2.5722037,47.5984762],[-2.5723299,47.5985498],[-2.572633,47.5982322],[-2.5735008,47.5977261],[-2.5747715,47.5966375],[-2.5774257,47.5974683],[-2.5814204,47.5990535],[-2.5820428,47.5994275],[-2.5818172,47.5996825],[-2.5826678,47.6010604],[-2.5830831,47.6015117],[-2.582736,47.6017288],[-2.5815699,47.6014166],[-2.5769658,47.6068019],[-2.5775585,47.6072487],[-2.5817305,47.6082504],[-2.5828539,47.6083527],[-2.5832026,47.6085266],[-2.5835713,47.6088395],[-2.5829225,47.6094109],[-2.5840757,47.6105368],[-2.5842061,47.6117328],[-2.5840707,47.612489],[-2.583813,47.6126907],[-2.583738,47.6132272],[-2.5840761,47.6135873],[-2.5840179,47.6139277],[-2.5831391,47.6149177],[-2.5821685,47.6155067],[-2.581929,47.6160653],[-2.5815374,47.6159023],[-2.5804994,47.6159605],[-2.5791383,47.6157967],[-2.5781279,47.6158775],[-2.5779276,47.616398],[-2.5775263,47.6168916],[-2.5765975,47.6175747],[-2.5764995,47.6178261],[-2.5768345,47.6181984],[-2.5762259,47.6192604],[-2.5771536,47.620462],[-2.5781137,47.6209936],[-2.5770976,47.6217793],[-2.5760317,47.6229397],[-2.5744361,47.6237416],[-2.570998,47.6248026],[-2.5696881,47.6256126],[-2.5687324,47.6267995],[-2.5671692,47.6273315],[-2.5671648,47.6275714],[-2.5667579,47.6276426],[-2.5667685,47.6277286],[-2.565452,47.6284684],[-2.5690201,47.6297327],[-2.5700177,47.6297667],[-2.5709904,47.6299821],[-2.5717221,47.6300255],[-2.5718257,47.6303414],[-2.5738507,47.6303257],[-2.575629,47.6307123],[-2.5758407,47.6305105],[-2.577038,47.6306159],[-2.5791594,47.6311468],[-2.5793758,47.6322404],[-2.5792513,47.6325874],[-2.5793604,47.632989],[-2.5790664,47.6337032],[-2.5790591,47.634238],[-2.5787927,47.6348057],[-2.5781244,47.6350587],[-2.5778651,47.6350573],[-2.5776204,47.6358852],[-2.5776706,47.6368346],[-2.5774189,47.6369913],[-2.5773098,47.6378822],[-2.576776,47.6380046],[-2.5751225,47.6391947],[-2.5740853,47.6395427],[-2.573721,47.6394837],[-2.5739157,47.6393305],[-2.5736672,47.6392083],[-2.5731309,47.6393122],[-2.5724094,47.6391303],[-2.5715655,47.6400505],[-2.5715688,47.640283],[-2.5713511,47.6405375],[-2.5696756,47.6414797],[-2.569428,47.6418762],[-2.5691836,47.6420004],[-2.568472,47.6419924],[-2.5676922,47.642547],[-2.5677354,47.6428572],[-2.5674384,47.6431216],[-2.5672437,47.6430454],[-2.5670612,47.6434801],[-2.5672805,47.6437958],[-2.5669723,47.6439654],[-2.5667241,47.6446053],[-2.5661005,47.6449352],[-2.5663179,47.6454169],[-2.5658959,47.6460936],[-2.5660989,47.6461537],[-2.565168,47.646751],[-2.5648861,47.6468036],[-2.5639392,47.6475252],[-2.5638507,47.6479272],[-2.5631025,47.6488378],[-2.5623889,47.6491308],[-2.5623778,47.6493582],[-2.5614796,47.6499562],[-2.5604189,47.6498485],[-2.5599858,47.6496755],[-2.5586946,47.6497005],[-2.558124,47.6503805],[-2.5581802,47.6507061],[-2.5577467,47.6514158],[-2.5577186,47.6518096],[-2.5574393,47.6519605],[-2.5567074,47.6521157],[-2.5542753,47.6520436],[-2.5535478,47.6518236],[-2.5532709,47.6519056],[-2.5532157,47.6518095],[-2.5525393,47.6519409],[-2.5520849,47.6517753],[-2.5523588,47.651091],[-2.5518016,47.6509187],[-2.5501463,47.6505337],[-2.5496563,47.6506245],[-2.5484007,47.650436],[-2.5478364,47.6505789],[-2.5469747,47.6505552],[-2.5457625,47.6499856],[-2.5443787,47.6496076],[-2.5437821,47.6501645],[-2.5425409,47.6501576],[-2.542407,47.6508799],[-2.5430536,47.65154],[-2.5432074,47.6519969],[-2.5429808,47.6524119],[-2.5424254,47.6529147],[-2.5418499,47.6531745],[-2.5413724,47.653764],[-2.5413603,47.6539743],[-2.5396965,47.6538051],[-2.538799,47.6538968],[-2.538448,47.6539652],[-2.5375621,47.654533],[-2.5369556,47.6542584],[-2.5368637,47.6547023],[-2.5364503,47.6552104],[-2.5362331,47.655101],[-2.5360765,47.6552578],[-2.5349789,47.6554689],[-2.5349446,47.655655],[-2.5322222,47.6560968],[-2.5301082,47.6555476],[-2.5297821,47.6553578],[-2.5272328,47.6557312],[-2.5271826,47.6561008],[-2.5259198,47.6557669],[-2.5258263,47.655873],[-2.5251659,47.6556575],[-2.5239262,47.6558097],[-2.5234717,47.6557951],[-2.5233658,47.6557],[-2.5220565,47.6557445],[-2.5219383,47.6556564],[-2.5212791,47.655706],[-2.5201447,47.6560215],[-2.5192,47.6559999],[-2.5183995,47.6562329],[-2.5181468,47.6564252],[-2.517731,47.65636],[-2.5172519,47.6565951],[-2.5170468,47.6565621],[-2.5163234,47.6568975],[-2.5160636,47.656884],[-2.5159838,47.6567519],[-2.5159361,47.6568893],[-2.5157144,47.6569287],[-2.5154935,47.6567723],[-2.5154048,47.6565129],[-2.515221,47.6564904],[-2.51427,47.6575158],[-2.5155487,47.6578508],[-2.5169423,47.6585402],[-2.5167573,47.659098],[-2.5156721,47.6590205],[-2.5139453,47.6586929],[-2.513516,47.6594367],[-2.5128753,47.6600784],[-2.5115154,47.659423],[-2.5112841,47.6596401],[-2.5103029,47.6594411],[-2.5097073,47.6605215],[-2.5081544,47.6599656],[-2.5059968,47.6585846],[-2.5034832,47.6575759],[-2.5024032,47.6569371],[-2.5014517,47.6566787],[-2.4989003,47.6556009],[-2.4981164,47.655515],[-2.4976416,47.6555139],[-2.496671,47.6575398],[-2.4955943,47.6586029],[-2.4964756,47.6592868],[-2.4967804,47.6593514],[-2.4971323,47.6596039],[-2.4977922,47.6597163],[-2.4980271,47.6598715],[-2.4979958,47.6599905],[-2.4982482,47.6602285],[-2.4981257,47.6604195],[-2.4982144,47.6606851],[-2.4979487,47.6607061],[-2.4979642,47.66094],[-2.4986,47.6615077],[-2.4985462,47.6616176],[-2.4987338,47.6617536],[-2.4985372,47.6618539],[-2.4986231,47.6620244],[-2.4990953,47.6620135],[-2.4988718,47.662256],[-2.4989052,47.6623741],[-2.4991882,47.6623905],[-2.4991809,47.6626058],[-2.4988869,47.6626519],[-2.4987392,47.6630794],[-2.4985253,47.6630826],[-2.4984514,47.6632438],[-2.4986309,47.6638057],[-2.4990071,47.6638183],[-2.4989576,47.6644623],[-2.49954,47.6647212],[-2.4997229,47.664691],[-2.5002366,47.6652503],[-2.5008735,47.6650579],[-2.5014601,47.6652611],[-2.5013358,47.6655351],[-2.50207,47.6656235],[-2.5021204,47.6658039],[-2.501826,47.6658608],[-2.501635,47.6661715],[-2.5017132,47.6663055],[-2.5018557,47.6662088],[-2.502072,47.6662663],[-2.5018197,47.6666585],[-2.5021271,47.6667461],[-2.5024476,47.6667168],[-2.5031224,47.6671392],[-2.502898,47.6673384],[-2.5026242,47.6671321],[-2.5025185,47.6677209],[-2.5028453,47.6683021],[-2.5030364,47.6680966],[-2.5032573,47.6680598],[-2.5033365,47.668141],[-2.5028712,47.6688941],[-2.5029164,47.6696869],[-2.5027341,47.6699097],[-2.5031947,47.6705065],[-2.5041202,47.6705969],[-2.504731,47.6708556],[-2.5047619,47.6707006],[-2.5054636,47.6705365],[-2.5052866,47.6707203],[-2.5055897,47.6708314],[-2.505637,47.6713133],[-2.5065425,47.6720207],[-2.5068432,47.6721234],[-2.5078591,47.673193],[-2.508376,47.6739412],[-2.5088695,47.6741973],[-2.5093772,47.6742576],[-2.509746,47.6745229],[-2.509997,47.6744283],[-2.5102715,47.6745567],[-2.5106491,47.6744835],[-2.5107326,47.674982],[-2.5113445,47.6752107],[-2.5125138,47.6749753],[-2.5127453,47.6753853],[-2.5130636,47.6753],[-2.5133525,47.675438],[-2.5136356,47.6752476],[-2.514398,47.6758761],[-2.5149357,47.6759395],[-2.5161498,47.6755036],[-2.5166539,47.6751919],[-2.5171358,47.6744207],[-2.5172077,47.6734537],[-2.518127,47.6733842],[-2.5192915,47.6734923],[-2.5214533,47.6734073],[-2.5225137,47.6737928],[-2.5239289,47.6738611],[-2.5252635,47.6748692],[-2.5278769,47.6755769],[-2.5281849,47.6766391],[-2.5285085,47.677117],[-2.5290467,47.6774906],[-2.5298704,47.677693],[-2.5310327,47.677884],[-2.5313078,47.6777933],[-2.5315615,47.6778558],[-2.5342257,47.6758813],[-2.5344887,47.6763215],[-2.536696,47.6765302],[-2.5368404,47.6768313],[-2.5379285,47.6774412],[-2.5392816,47.6775896],[-2.5391464,47.6784165],[-2.5434382,47.6795308],[-2.5468344,47.6800055],[-2.5483502,47.6803751],[-2.5496395,47.6809142],[-2.5500922,47.6809997],[-2.5502226,47.6814447],[-2.5504916,47.6815215],[-2.5506171,47.6812876],[-2.5511841,47.680854],[-2.5519827,47.6805535],[-2.5523054,47.6806694],[-2.5530218,47.6806589],[-2.5536884,47.6807968],[-2.5540103,47.6806959],[-2.5543336,47.6808136],[-2.5545182,47.6806722],[-2.5562194,47.6808139],[-2.5562324,47.681577],[-2.5569327,47.6830869],[-2.5568358,47.6833737],[-2.5571482,47.6850032],[-2.5566025,47.6862458],[-2.5571472,47.6867491],[-2.5552944,47.6877386],[-2.5529934,47.6882746],[-2.5516673,47.6888204],[-2.5525713,47.6889872],[-2.5521718,47.6898206],[-2.5525088,47.6900582],[-2.5537313,47.6905753],[-2.5537111,47.6906605],[-2.5533663,47.6906059],[-2.5531697,47.6910181],[-2.5527703,47.6913022],[-2.5519053,47.6928591],[-2.5517371,47.6929507],[-2.5507795,47.6945152],[-2.5504732,47.6952423],[-2.5505077,47.6954742],[-2.5521043,47.697483],[-2.5521839,47.6983963],[-2.5539156,47.7014627],[-2.5538848,47.7020652],[-2.5529615,47.7032998],[-2.5517693,47.7043699],[-2.5509604,47.7047602],[-2.5507649,47.7047052],[-2.5499814,47.7049843],[-2.5486959,47.7045532],[-2.5477873,47.704514],[-2.5478016,47.7052078],[-2.5452969,47.7038997],[-2.5426218,47.7031689],[-2.5426291,47.7029657],[-2.5420946,47.7029251],[-2.5410102,47.7040331],[-2.5399329,47.7046576],[-2.5405252,47.7049518],[-2.5404984,47.7053131],[-2.5402366,47.7057464],[-2.5400543,47.7057586],[-2.5400367,47.7060558],[-2.5401926,47.7062269],[-2.5398296,47.7064209],[-2.5394937,47.7068596],[-2.5378679,47.7076732],[-2.5372341,47.7081545],[-2.5367713,47.7094356],[-2.5366408,47.7098046],[-2.5362659,47.7099998],[-2.5363958,47.7106753],[-2.5372754,47.7112223],[-2.5371961,47.7112935],[-2.5374129,47.7114848],[-2.5377544,47.7115922],[-2.5377278,47.711722],[-2.5381243,47.7122602],[-2.5384506,47.7123634],[-2.5387468,47.7122779],[-2.538777,47.7126569],[-2.5390847,47.7129242],[-2.539135,47.7132827],[-2.5386393,47.7137886],[-2.5387737,47.7140328],[-2.5386081,47.7143408],[-2.5390229,47.7149036],[-2.5393593,47.7151164],[-2.5392335,47.7154271],[-2.5394044,47.7156086],[-2.5393246,47.7160319],[-2.5397558,47.7165819],[-2.5393337,47.7168398],[-2.5394906,47.7174971],[-2.5392746,47.7182485],[-2.5396548,47.7183724],[-2.5398633,47.7186711],[-2.5397852,47.7190398],[-2.5399664,47.7192729],[-2.5398758,47.7196581],[-2.5400373,47.7198615],[-2.53944,47.7198297],[-2.5392538,47.7202788],[-2.5390071,47.7204402],[-2.5381846,47.7204947],[-2.5369619,47.7209414],[-2.5367146,47.7209236],[-2.5362826,47.7212355],[-2.5354395,47.7214615],[-2.5344344,47.7226406],[-2.5334421,47.722293],[-2.5329325,47.7221976],[-2.5324136,47.7222395],[-2.5320611,47.722084],[-2.5311506,47.7222803],[-2.5309978,47.7221932],[-2.5309176,47.7222878],[-2.530549,47.7223352],[-2.5301825,47.7222825],[-2.5299467,47.7223939],[-2.5298227,47.7225793],[-2.5299474,47.722852],[-2.5297946,47.7228927],[-2.5295623,47.7235162],[-2.5296657,47.7235995],[-2.5292675,47.7238395],[-2.5290837,47.7237788],[-2.529166,47.724014],[-2.5284076,47.7240251],[-2.5279448,47.724374],[-2.5281979,47.7245529],[-2.5275869,47.7252296],[-2.5271619,47.7254404],[-2.5266865,47.7253611],[-2.5264681,47.7256168],[-2.5265437,47.7257845],[-2.5264047,47.7259992],[-2.5261353,47.7261836],[-2.5257584,47.7261039],[-2.5255805,47.7265654],[-2.5253128,47.7266585],[-2.5249449,47.7265911],[-2.5249712,47.7267914],[-2.5245999,47.7270143],[-2.5241725,47.7271034],[-2.5239139,47.7270365],[-2.5234979,47.7271533],[-2.5233349,47.727318],[-2.5235435,47.7275612],[-2.5233663,47.7279163],[-2.5227579,47.7280035],[-2.5227305,47.7281514],[-2.5221192,47.7283763],[-2.521747,47.7287593],[-2.521508,47.7304195],[-2.5215938,47.7309607],[-2.5222192,47.7320641],[-2.5223588,47.7327147],[-2.5222688,47.7329415],[-2.522674,47.7329901],[-2.5233853,47.7324149],[-2.5241069,47.7325126],[-2.5240858,47.7322535],[-2.5242184,47.7321285],[-2.5244869,47.7323855],[-2.5249255,47.7322571],[-2.52563,47.7322303],[-2.5257318,47.7323895],[-2.525556,47.7331032],[-2.5261576,47.7333529],[-2.5261691,47.7340395],[-2.5264287,47.7345984],[-2.526564,47.7346534],[-2.5269618,47.7345677],[-2.5271751,47.7347766],[-2.5277331,47.7349702],[-2.528166,47.7349535],[-2.5286121,47.7356938],[-2.5285061,47.736134],[-2.5291392,47.7362735],[-2.5294381,47.7361769],[-2.5298019,47.7363873],[-2.5297938,47.7364961],[-2.5293669,47.7365852],[-2.5293713,47.7367677],[-2.5297588,47.7369859],[-2.5303806,47.7371468],[-2.5311023,47.7375753],[-2.5316655,47.7371859],[-2.5318824,47.7374537],[-2.5328217,47.7376105],[-2.5332438,47.7369086],[-2.5341075,47.7372025],[-2.5341268,47.7373296],[-2.5344479,47.7372619],[-2.5350332,47.7375611],[-2.5353047,47.738079],[-2.5364815,47.738721],[-2.5363665,47.7388508],[-2.5365111,47.7389058],[-2.5364967,47.7393188],[-2.5369838,47.7394471],[-2.5369771,47.7396871],[-2.5373251,47.7396736],[-2.5377073,47.7401416],[-2.5379105,47.7401503],[-2.5380161,47.7405515],[-2.5385784,47.740429],[-2.5387085,47.7404908],[-2.5388484,47.7407756],[-2.538548,47.7413241],[-2.5386999,47.741617],[-2.5386023,47.7419145],[-2.5389249,47.7422678],[-2.5390947,47.7429876],[-2.5395873,47.7434981],[-2.5394504,47.7440912],[-2.5395924,47.7443178],[-2.5391635,47.7446955],[-2.5387062,47.7448772],[-2.5385913,47.7453399],[-2.5387104,47.7463378],[-2.5382777,47.7468426],[-2.5381935,47.7471831],[-2.5378267,47.7473489],[-2.5369976,47.7482999],[-2.5365704,47.7485654],[-2.5361447,47.7490272],[-2.5358038,47.7501344],[-2.5352247,47.7511854],[-2.5350156,47.7514176],[-2.5344178,47.7516018],[-2.5339843,47.7523283],[-2.5339612,47.7528007],[-2.5341537,47.7532108],[-2.533807,47.753484],[-2.5340028,47.7537112],[-2.5337515,47.7547534],[-2.533811,47.7551881],[-2.5335359,47.7556978],[-2.5335968,47.7559717],[-2.5337252,47.7560129],[-2.5335093,47.7564012],[-2.5338509,47.7571802],[-2.5347209,47.7576028],[-2.5351467,47.7575419],[-2.536267,47.7580408],[-2.5356993,47.7584509],[-2.5368102,47.7595455],[-2.539415,47.7604982],[-2.5399986,47.7608409],[-2.5372936,47.76282],[-2.5336546,47.7677911],[-2.5330729,47.7680923],[-2.5326176,47.7687044],[-2.5324328,47.7687892],[-2.532674,47.7689285],[-2.5321117,47.7697715],[-2.5323967,47.769949],[-2.5334621,47.7701374],[-2.5352194,47.7700705],[-2.5358802,47.769934],[-2.5362039,47.7697116],[-2.5366792,47.7686366],[-2.5367904,47.7685054],[-2.53696,47.7685663],[-2.5373597,47.7688595],[-2.5375201,47.7694501],[-2.5379644,47.7700626],[-2.5380884,47.7706122],[-2.5386076,47.7712364],[-2.5391901,47.771505],[-2.5393381,47.7723683],[-2.5399227,47.7729444],[-2.5402063,47.7730908],[-2.5412211,47.7732935],[-2.5413807,47.7732273],[-2.5439759,47.7734978],[-2.5450184,47.7737112],[-2.5465731,47.7745994],[-2.5494777,47.77705],[-2.5507945,47.7783657],[-2.5487474,47.7820725],[-2.5482887,47.7834442],[-2.5466268,47.7845849],[-2.5461324,47.7853803],[-2.5458797,47.7855102],[-2.5458593,47.7857721],[-2.5451587,47.7862777],[-2.544904,47.7868446],[-2.5444865,47.7871744],[-2.5442298,47.7876214],[-2.5437328,47.787899],[-2.5441424,47.7883363],[-2.544043,47.7884652],[-2.5441859,47.7885929],[-2.5441781,47.7888526],[-2.5436164,47.7893277],[-2.5433442,47.7893981],[-2.5433287,47.7896296],[-2.542485,47.7899925],[-2.5419902,47.7900878],[-2.5414484,47.7904485],[-2.541166,47.7908316],[-2.5415375,47.7912873],[-2.5418469,47.7914592],[-2.5422157,47.7923916],[-2.5418893,47.7932935],[-2.5421037,47.7934876],[-2.5439649,47.7933651],[-2.544634,47.7934573],[-2.5453217,47.7943693],[-2.5460269,47.7944597],[-2.546386,47.7946105],[-2.5467917,47.795209],[-2.5469508,47.795209],[-2.5470925,47.7950506],[-2.548172,47.7956842],[-2.5487231,47.7963017],[-2.5491382,47.7970678],[-2.5493266,47.7983439],[-2.5500711,47.7988967],[-2.5505071,47.7989361],[-2.5509294,47.7986958],[-2.5514394,47.7979302],[-2.5519456,47.7978984],[-2.5527492,47.7980936],[-2.5531659,47.7980702],[-2.5542202,47.7974122],[-2.5552899,47.7969318],[-2.5566737,47.7965071],[-2.5578534,47.7965623],[-2.5587926,47.796857],[-2.5590454,47.7971146],[-2.5590735,47.797672],[-2.5599244,47.7983882],[-2.5599557,47.7987458],[-2.5596045,47.7990791],[-2.5595909,47.7992925],[-2.5598595,47.7996205],[-2.5602847,47.7996863],[-2.5613661,47.7994801],[-2.561919,47.7995916],[-2.5626019,47.7995611],[-2.5641173,47.7992101],[-2.5651261,47.7986334],[-2.5650977,47.7984467],[-2.5641959,47.7976006],[-2.5643605,47.7973309],[-2.5649135,47.7971656],[-2.5669747,47.7971426],[-2.567373,47.7973782],[-2.5686206,47.7975207],[-2.5696101,47.7986061],[-2.5704696,47.7988823],[-2.5719272,47.7996971],[-2.5727832,47.7999359],[-2.5740196,47.8007008],[-2.5745024,47.8008414],[-2.5751756,47.8012253],[-2.5761617,47.8012294],[-2.5767017,47.8014603],[-2.5787669,47.801838],[-2.5789292,47.8018031],[-2.5790837,47.8015724],[-2.5799795,47.8011697],[-2.5802376,47.8011844],[-2.5809831,47.8017067],[-2.5815137,47.8019175],[-2.581841,47.8023697],[-2.5830566,47.8030554],[-2.5845072,47.8034664],[-2.5852775,47.8039568],[-2.5857517,47.8051453],[-2.586404,47.8058997],[-2.5868443,47.8061799],[-2.5874633,47.8062834],[-2.5879308,47.806776],[-2.589616,47.8077429],[-2.5899742,47.8078246],[-2.590945,47.8077951],[-2.5921999,47.807012],[-2.5933194,47.8065901],[-2.5939392,47.8065976],[-2.594343,47.806493],[-2.5946813,47.8061154],[-2.5953425,47.8057262],[-2.5960885,47.8058809],[-2.5976491,47.8056704],[-2.5979002,47.8059202],[-2.5984643,47.8058721],[-2.5997049,47.8062797],[-2.600527,47.8067606],[-2.6007713,47.8074201],[-2.601515,47.8078664],[-2.6019678,47.8072756],[-2.6018516,47.8071747],[-2.6029833,47.8067394],[-2.6034161,47.8064165],[-2.6037933,47.8063104],[-2.6040897,47.8060225],[-2.6043709,47.8059789],[-2.6047608,47.8054617],[-2.6054092,47.8055615],[-2.6065635,47.805516],[-2.6066648,47.8043744],[-2.6089645,47.8044829],[-2.6105675,47.8041961],[-2.6121247,47.8040502],[-2.6144619,47.8035626],[-2.6150158,47.8034992],[-2.6156355,47.803624],[-2.6170211,47.8033773],[-2.6169543,47.8029218],[-2.6179372,47.8030026],[-2.6185313,47.8029465],[-2.620443,47.8020106],[-2.6232077,47.8012785],[-2.6234418,47.801136],[-2.6244883,47.8002169],[-2.6247308,47.7995059],[-2.6258566,47.7987486],[-2.6261804,47.7975615],[-2.6251188,47.7952801],[-2.6244758,47.7942682],[-2.6244343,47.7938323],[-2.6227221,47.7923888],[-2.622435,47.7917164],[-2.6232351,47.7912067],[-2.6256422,47.7909054],[-2.6274734,47.7909403],[-2.6281958,47.7907393],[-2.629777,47.79078],[-2.6309524,47.78943],[-2.635757,47.7891537],[-2.6395646,47.7892544],[-2.6393921,47.7891077],[-2.6383502,47.7890012],[-2.6376509,47.7887726],[-2.637251,47.7887774],[-2.6366174,47.7886056],[-2.6363792,47.7883949],[-2.6360286,47.7876939],[-2.6357333,47.7864983],[-2.6354512,47.7862863],[-2.6342651,47.7857848],[-2.6330294,47.7855126],[-2.6327305,47.7852438],[-2.6320531,47.7849729],[-2.6304848,47.784668],[-2.6297203,47.784299],[-2.6295393,47.7836124],[-2.6297297,47.7832169],[-2.629732,47.7823935],[-2.6301762,47.7816855],[-2.6299742,47.781375],[-2.630102,47.7809204],[-2.6299929,47.7807761],[-2.6300431,47.7804441],[-2.6297247,47.7803052],[-2.628969,47.780238],[-2.6278725,47.7803764],[-2.6265598,47.7802624],[-2.6261769,47.7800177],[-2.6260188,47.7796875],[-2.6256472,47.7797074],[-2.6253005,47.7793057],[-2.6253983,47.7788887],[-2.6258809,47.7784919],[-2.625903,47.7779951],[-2.6262285,47.7776288],[-2.6267291,47.7766596],[-2.6270323,47.7766805],[-2.6270076,47.7758098],[-2.6272367,47.7755991],[-2.6274535,47.7755978],[-2.6278371,47.7746859],[-2.6286638,47.7740444],[-2.6285833,47.7738987],[-2.6288406,47.7732777],[-2.6294281,47.7723538],[-2.6296333,47.7722652],[-2.6298928,47.771241],[-2.6297518,47.7708586],[-2.629898,47.7705802],[-2.6295402,47.7701005],[-2.6297354,47.7698385],[-2.6296112,47.7697036],[-2.6298035,47.7695062],[-2.6297982,47.7690186],[-2.6300561,47.768295],[-2.6303361,47.7678999],[-2.6302145,47.7675753],[-2.6310478,47.766305],[-2.6321376,47.7662462],[-2.6323388,47.7661272],[-2.6326314,47.7658665],[-2.6326315,47.7657264],[-2.6324749,47.7657174],[-2.632702,47.7654558],[-2.6331336,47.7655792],[-2.633036,47.7653081],[-2.6332086,47.7650776],[-2.6339219,47.7649485],[-2.6334555,47.7643481],[-2.6356072,47.7637617],[-2.6361605,47.7625225],[-2.6368801,47.7618769],[-2.6374589,47.7614715],[-2.6377628,47.7614149],[-2.6385747,47.760812],[-2.6390729,47.7608115],[-2.639399,47.7605359],[-2.6399686,47.7603675],[-2.6414699,47.7591542],[-2.6436398,47.7598828],[-2.6449808,47.7598864],[-2.6460751,47.7592726],[-2.6463344,47.7592238],[-2.6475522,47.7584573],[-2.6486747,47.7575006],[-2.6492336,47.7572527],[-2.6498027,47.7571915],[-2.6506282,47.7576921],[-2.651386,47.75755],[-2.65139,47.7577281],[-2.6519973,47.7579498],[-2.6523538,47.7579586],[-2.652479,47.7581887],[-2.6527531,47.7582786],[-2.6527996,47.7584535],[-2.6539252,47.7589003],[-2.654331,47.759258],[-2.6545746,47.7597324],[-2.6543964,47.7603633],[-2.6548115,47.760691],[-2.6550661,47.7605717],[-2.6552719,47.7606399],[-2.6558505,47.7612397],[-2.6567814,47.76153],[-2.6572805,47.7622381],[-2.6578961,47.7623896],[-2.6580834,47.7621533],[-2.6587137,47.7621648],[-2.6591427,47.761828],[-2.6595709,47.7620099],[-2.6600274,47.7618213],[-2.6601131,47.7620857],[-2.6604334,47.7622265],[-2.6607288,47.7620842],[-2.6608963,47.76229],[-2.6604496,47.7627754],[-2.6607895,47.7632308],[-2.6622183,47.7637258],[-2.6630516,47.7634],[-2.6640029,47.76263],[-2.6646939,47.7624422],[-2.6652135,47.7623075],[-2.6660005,47.7625727],[-2.666396,47.7625114],[-2.6672626,47.7627718],[-2.6670403,47.7630195],[-2.6675923,47.7633206],[-2.6684064,47.7641764],[-2.669695,47.7647495],[-2.6710826,47.7649823],[-2.6715223,47.7652164],[-2.6725356,47.7651455],[-2.6734609,47.7652073],[-2.674749,47.7648435],[-2.6751474,47.7639883],[-2.6751317,47.7637479],[-2.6754372,47.7634376],[-2.6758007,47.7634861],[-2.6761955,47.7632621],[-2.6772306,47.7631687],[-2.6780308,47.7635457],[-2.678269,47.7641012],[-2.6786519,47.7641671],[-2.6804399,47.7641622],[-2.6807333,47.7638687],[-2.6810708,47.7638343],[-2.6817903,47.763919],[-2.6817289,47.7640705],[-2.6820098,47.7641646],[-2.6822627,47.7639806],[-2.6823963,47.7641446],[-2.683387,47.7639401],[-2.6837962,47.7640621],[-2.6845735,47.7640252],[-2.6855838,47.764413],[-2.6860934,47.7640439],[-2.6863321,47.7640894],[-2.6867717,47.7639481],[-2.6872428,47.7642189],[-2.6890252,47.7648178],[-2.6905777,47.7643499],[-2.690873,47.7649351],[-2.6913547,47.764922],[-2.6915318,47.7648013],[-2.6918794,47.7640255],[-2.6923816,47.7636172],[-2.6929341,47.7634339],[-2.6938691,47.7627716],[-2.6938412,47.7626484],[-2.694069,47.7624376],[-2.6941093,47.7621091],[-2.6939684,47.7619518],[-2.6941609,47.7616128],[-2.693968,47.7613282],[-2.6939694,47.760451],[-2.693793,47.7598106],[-2.6933104,47.7593086],[-2.6934034,47.7590583],[-2.6932509,47.758733],[-2.6937476,47.7583667],[-2.6937616,47.7581851],[-2.6936218,47.7580949],[-2.6937152,47.7579527],[-2.6935783,47.7578383],[-2.6942145,47.7571838],[-2.6945943,47.7570077],[-2.6948125,47.7567024],[-2.695181,47.7565143],[-2.6952931,47.75605],[-2.6959005,47.7552636],[-2.6965692,47.7548061],[-2.6970945,47.754675],[-2.6972401,47.7537787],[-2.6977614,47.7532046],[-2.6975196,47.7530902],[-2.6972443,47.7531097],[-2.6979086,47.7525596],[-2.6983897,47.7518955],[-2.6983039,47.7515216],[-2.698577,47.7505956],[-2.698388,47.749351],[-2.699065,47.7483536],[-2.6990285,47.7479041],[-2.7005495,47.7480394],[-2.7016885,47.7484],[-2.7022271,47.7477205],[-2.7026814,47.7467211],[-2.7042141,47.7454335],[-2.7058751,47.7451312],[-2.7068061,47.7448478],[-2.7072408,47.7445479],[-2.7082026,47.7444927],[-2.7083417,47.7446115],[-2.7126677,47.7444097],[-2.7134917,47.7444494],[-2.7140096,47.7445397],[-2.7149677,47.745061],[-2.7159404,47.7444778],[-2.7171885,47.7440941],[-2.7202581,47.7426264],[-2.7216688,47.7427222],[-2.7241289,47.7421974],[-2.725655,47.7422222],[-2.7269765,47.7418558],[-2.7296564,47.7422375],[-2.7302358,47.7422126],[-2.7309679,47.7425718],[-2.7313947,47.7429328],[-2.7319729,47.7437496],[-2.7336541,47.7447327],[-2.7338014,47.7444523],[-2.7343006,47.7441166],[-2.7344703,47.7437678],[-2.7345053,47.7431583],[-2.7341563,47.741551],[-2.7341494,47.7397837],[-2.7350107,47.738466],[-2.736463,47.7374032],[-2.7365332,47.7369938],[-2.7369905,47.7365675],[-2.7372161,47.7360886],[-2.7381277,47.7359829],[-2.7415568,47.734293],[-2.7427287,47.7330882],[-2.7430633,47.7328091],[-2.7432355,47.7328364],[-2.7443792,47.7318327],[-2.7449965,47.7310542],[-2.7463996,47.7299199],[-2.7465261,47.7299421],[-2.7470654,47.7293778],[-2.7539711,47.7271482],[-2.7539817,47.7272948],[-2.764553,47.7339251],[-2.7704522,47.7384213],[-2.7709864,47.738519],[-2.7701953,47.737654],[-2.7707538,47.7365296],[-2.7720076,47.7350833],[-2.7722974,47.7340794],[-2.7722521,47.7337525],[-2.7719912,47.7336029],[-2.7724143,47.7331414],[-2.776338,47.7344527],[-2.7773765,47.7351105],[-2.7785578,47.736565],[-2.7793919,47.735651],[-2.7817978,47.7354524],[-2.7830032,47.7345312],[-2.7841321,47.7350927],[-2.7846197,47.734551],[-2.7848926,47.7339223],[-2.7857053,47.7327533],[-2.7864496,47.7329464],[-2.7872488,47.732481],[-2.7888056,47.7327356],[-2.7900202,47.7321924],[-2.7898009,47.732053],[-2.790408,47.730342],[-2.7920324,47.7274417],[-2.7916813,47.727247],[-2.7921838,47.7257],[-2.7919758,47.725538],[-2.7914599,47.7254611],[-2.7913828,47.7253581],[-2.7909399,47.7204715],[-2.7907682,47.7199785],[-2.7901972,47.7195697],[-2.7918499,47.71919],[-2.7924799,47.71861],[-2.7928699,47.71857],[-2.7927199,47.71911],[-2.7942599,47.71962],[-2.7956699,47.71994],[-2.79615,47.71943],[-2.7961699,47.71837],[-2.7969499,47.71757],[-2.7990099,47.71856],[-2.80135,47.71904],[-2.80191,47.71855],[-2.8021699,47.7176],[-2.80257,47.71684],[-2.8031999,47.71679],[-2.8041099,47.71574],[-2.8040299,47.71514],[-2.80432,47.71471],[-2.80473,47.71453],[-2.8052699,47.71387],[-2.80595,47.71366],[-2.8066099,47.71321],[-2.8072099,47.71324],[-2.8083199,47.71269],[-2.8085999,47.71235],[-2.8089799,47.71218],[-2.8091299,47.71187],[-2.8097599,47.71128],[-2.8107599,47.71085],[-2.8114599,47.71067],[-2.8121699,47.71069],[-2.8123399,47.71051],[-2.8129999,47.71025],[-2.8131199,47.70994],[-2.8134999,47.70967],[-2.8141099,47.70943],[-2.81515,47.70858],[-2.8162599,47.70804],[-2.81637,47.7079],[-2.8165699,47.70791],[-2.8174099,47.7076],[-2.8183799,47.70746],[-2.81969,47.70749],[-2.8201299,47.70769],[-2.8207899,47.70757],[-2.8212199,47.70762],[-2.8224699,47.70714],[-2.8234299,47.70718],[-2.82401,47.70702],[-2.8245199,47.70667],[-2.8248299,47.70667],[-2.8249299,47.70651],[-2.82548,47.70662],[-2.8252999,47.70703],[-2.8263699,47.70737],[-2.8268999,47.70773],[-2.8270499,47.70764],[-2.8273799,47.70776],[-2.8279599,47.70818],[-2.8287099,47.70834],[-2.8291599,47.7089],[-2.8306399,47.70952],[-2.8310299,47.70941],[-2.8313999,47.7095],[-2.8314199,47.70967],[-2.83196,47.71003],[-2.83252,47.70997],[-2.8326299,47.71023],[-2.8328699,47.71023],[-2.83315,47.71042],[-2.8333599,47.71083],[-2.8341699,47.71111],[-2.8342899,47.71125],[-2.8344499,47.71123],[-2.8345999,47.71145],[-2.8349,47.71136],[-2.8349899,47.71153],[-2.83587,47.71171],[-2.8362599,47.71221],[-2.8365999,47.71226],[-2.8377599,47.71289],[-2.8378699,47.71304],[-2.8385599,47.713],[-2.8390399,47.71311],[-2.8401199,47.71296],[-2.8406,47.71276],[-2.8410599,47.71285],[-2.8412599,47.71273],[-2.8444699,47.71212],[-2.8460299,47.71199],[-2.8476599,47.71201],[-2.8494799,47.71244],[-2.85055,47.71246],[-2.8511899,47.71278],[-2.8517899,47.71275],[-2.8526099,47.71299],[-2.8533099,47.71301],[-2.8534799,47.71328],[-2.8540099,47.71317],[-2.8546699,47.71327],[-2.85534,47.71355],[-2.8564799,47.71379],[-2.8572899,47.71409],[-2.8575199,47.71442],[-2.8578899,47.71445],[-2.8581199,47.71472],[-2.8580699,47.71499],[-2.8583899,47.71516],[-2.85941,47.71538],[-2.8615899,47.71558],[-2.8630599,47.71545],[-2.8635499,47.71528],[-2.86476,47.71522],[-2.8661499,47.7154],[-2.8675099,47.71572],[-2.86908,47.71538],[-2.8703999,47.71495],[-2.8706999,47.71462],[-2.87071,47.71394],[-2.8710299,47.71359],[-2.8711099,47.71295],[-2.8714999,47.71284],[-2.8715099,47.71246],[-2.8710599,47.7122],[-2.8708299,47.71191],[-2.8708399,47.7118],[-2.8711782,47.7117436],[-2.8710799,47.71121],[-2.8711699,47.71074],[-2.8709799,47.7105],[-2.8710099,47.71006],[-2.8707499,47.70994],[-2.8712299,47.70973],[-2.8710799,47.7096],[-2.8707599,47.70961],[-2.8707299,47.7095],[-2.8711699,47.70938],[-2.8720199,47.70935],[-2.8723799,47.70957],[-2.8726699,47.7096],[-2.8731899,47.70934],[-2.8739199,47.70951],[-2.8742499,47.70948],[-2.8744599,47.7096],[-2.87512,47.70949],[-2.8759199,47.70961],[-2.8761599,47.70955],[-2.8765199,47.7091],[-2.87678,47.70901],[-2.8772259,47.708582],[-2.8779818,47.7082846],[-2.877947,47.7079831],[-2.8783408,47.7075046],[-2.8783388,47.7065947],[-2.8780723,47.7063508],[-2.8780237,47.706069],[-2.8781414,47.7042958],[-2.8814542,47.7011358],[-2.8814832,47.700553],[-2.881245,47.7003548],[-2.8811433,47.6998045],[-2.8812278,47.6994122],[-2.8808291,47.6989206],[-2.8808105,47.6984793],[-2.8811145,47.6983246],[-2.8808748,47.6976525],[-2.8820439,47.6967175],[-2.8820951,47.6957115],[-2.8822738,47.6955577],[-2.8823733,47.6949844],[-2.8834693,47.6951543],[-2.883798,47.6950783],[-2.8835701,47.6943258],[-2.8837102,47.694268],[-2.8836579,47.6936061],[-2.8839346,47.6930249],[-2.8863578,47.691688],[-2.886645,47.6913977],[-2.8866843,47.6911605],[-2.8868951,47.6910355],[-2.8863303,47.6904178],[-2.8853681,47.6896606],[-2.8854041,47.6887464],[-2.8852433,47.6884162],[-2.8837766,47.688176],[-2.8832536,47.6877979],[-2.8832326,47.6877598],[-2.8831036,47.687388],[-2.8832594,47.6868729],[-2.8835807,47.6867003],[-2.8842129,47.6865778],[-2.8848431,47.6866753],[-2.8851375,47.6864833],[-2.8853805,47.6861008],[-2.8858001,47.685947],[-2.8865146,47.6860628],[-2.8869077,47.6859144],[-2.8880075,47.686113],[-2.8884837,47.6863394],[-2.8890435,47.6857799],[-2.8898451,47.6856737],[-2.890851,47.6860488],[-2.8905352,47.6864369],[-2.8906416,47.6865712],[-2.8915011,47.6867662],[-2.8922972,47.6866568],[-2.8930222,47.6862903],[-2.893519,47.6863122],[-2.8940327,47.6861385],[-2.8937987,47.6857927],[-2.8949379,47.6851095],[-2.8970398,47.6846822],[-2.8976749,47.6841718],[-2.8983013,47.6838658],[-2.8987474,47.6834257],[-2.8986794,47.6831315],[-2.8989312,47.6830065],[-2.8995992,47.6829498],[-2.9002258,47.683045],[-2.9016298,47.6835911],[-2.9021785,47.6832184],[-2.9025157,47.6826079],[-2.9022203,47.6824642],[-2.9013452,47.6814944],[-2.9007574,47.681157],[-2.9004584,47.6807539],[-2.9018504,47.6800767],[-2.902609,47.6799374],[-2.9052274,47.679865],[-2.9056965,47.6789562],[-2.9063674,47.6792503],[-2.907952,47.6792127],[-2.9080946,47.6791136],[-2.9085533,47.6792469],[-2.9098772,47.6801762],[-2.9126509,47.6812789],[-2.9151466,47.6803787],[-2.9156767,47.6803555],[-2.9162052,47.6801113],[-2.9173845,47.6799608],[-2.9186153,47.6792889],[-2.9191259,47.6788118],[-2.9198521,47.6777656],[-2.9208532,47.6772769],[-2.9217134,47.6764664],[-2.9233528,47.6755609],[-2.9237683,47.6750201],[-2.9244352,47.6747938],[-2.9249147,47.6744668],[-2.924026,47.6730255],[-2.9231207,47.6718565],[-2.9220464,47.6700077],[-2.9222414,47.6697645],[-2.9191186,47.6679931],[-2.9195001,47.6675383],[-2.9203926,47.6672325],[-2.9209711,47.6671734],[-2.9223885,47.667533],[-2.9234927,47.6682614],[-2.9239297,47.6683752],[-2.924558,47.6683822],[-2.9256689,47.6679389],[-2.926244,47.6668985],[-2.9269564,47.6666557],[-2.9278662,47.6665864],[-2.9282524,47.6663667],[-2.9285185,47.665939],[-2.9285528,47.6650372],[-2.9283813,47.6645517],[-2.9280465,47.6641355],[-2.9277889,47.6639563],[-2.9272825,47.6638349],[-2.9260208,47.6639505],[-2.9244759,47.6636904],[-2.9241154,47.6633782],[-2.9240296,47.6627077],[-2.9251024,47.6603607],[-2.9254114,47.658135],[-2.9256003,47.6577014],[-2.9258577,47.6572505],[-2.9268362,47.6563197],[-2.9276945,47.6548917],[-2.9279949,47.65303],[-2.9275837,47.653199],[-2.9287588,47.6525501],[-2.9294712,47.6524807],[-2.9313587,47.6527237],[-2.9346342,47.6530448],[-2.938716,47.6519356],[-2.9414295,47.6509843],[-2.9436948,47.64949],[-2.9453062,47.6487197],[-2.9473587,47.6481688],[-2.949779,47.64722],[-2.9504423,47.6468129],[-2.9511664,47.6461707],[-2.953671,47.6419092],[-2.9534688,47.6402899],[-2.9538524,47.6396607],[-2.9559481,47.6386232],[-2.9634669,47.6366426],[-2.9633119,47.6352786],[-2.9622409,47.6343479],[-2.9603525,47.6320688],[-2.9597888,47.6304353],[-2.9598452,47.6288018],[-2.9595069,47.6267884],[-2.9575098,47.6249337],[-2.953875,47.6238674],[-2.9436803,47.626328],[-2.9410984,47.6264101],[-2.9394168,47.6258718],[-2.9350916,47.6252502],[-2.9360254,47.6250427],[-2.9367273,47.625047],[-2.9370269,47.625308],[-2.9378896,47.6253252],[-2.9392158,47.6256548],[-2.9403538,47.6257838],[-2.9408608,47.6260789],[-2.9418708,47.6261698],[-2.9437678,47.6256578],[-2.9445269,47.6252728],[-2.9447168,47.6247608],[-2.9467841,47.6232472],[-2.9483228,47.6224548],[-2.9487029,47.6216848],[-2.9498408,47.6214288],[-2.9496518,47.6211728],[-2.9494638,47.6196338],[-2.9487048,47.6196338],[-2.9488948,47.6193768],[-2.9488958,47.6180948],[-2.9490868,47.6173258],[-2.9483278,47.6173258],[-2.9485178,47.6170688],[-2.9485178,47.6168128],[-2.9481388,47.6165558],[-2.9481408,47.6147608],[-2.9479519,47.6145048],[-2.9487099,47.6145048],[-2.9485209,47.6137358],[-2.9481419,47.6134788],[-2.9481428,47.6132228],[-2.9483328,47.6129658],[-2.9468159,47.6127088],[-2.9464369,47.6119398],[-2.9475748,47.6118118],[-2.9490918,47.6118128],[-2.9498508,47.6114278],[-2.9500408,47.6109158],[-2.9504198,47.6106588],[-2.9504208,47.6101458],[-2.9506108,47.6098898],[-2.9513688,47.6098898],[-2.9508019,47.6083518],[-2.9508038,47.6062998],[-2.9506138,47.6061718],[-2.9490978,47.6061708],[-2.9485288,47.6065548],[-2.9483378,47.6070678],[-2.9468208,47.6073238],[-2.9470108,47.6070678],[-2.9470108,47.6068108],[-2.9466328,47.6062978],[-2.9462538,47.6060418],[-2.9458759,47.6047588],[-2.9456868,47.6045028],[-2.9464448,47.6045028],[-2.9466358,47.6037338],[-2.9470148,47.6034778],[-2.9470148,47.6032208],[-2.9464468,47.6028358],[-2.9445508,47.6029638],[-2.9445508,47.6024508],[-2.9437928,47.6023218],[-2.9436038,47.6021938],[-2.9432258,47.6014238],[-2.9432268,47.6003978],[-2.9428478,47.5998848],[-2.9424688,47.5996288],[-2.9424698,47.5986028],[-2.9420918,47.5978328],[-2.941483,47.5974155],[-2.9411714,47.597542],[-2.941002,47.5974331],[-2.9413958,47.5970394],[-2.9406624,47.5965422],[-2.9405753,47.5960807],[-2.940158,47.5957679],[-2.9401998,47.5952678],[-2.9398208,47.5950118],[-2.9394419,47.5944978],[-2.9394428,47.5939848],[-2.9390638,47.5934728],[-2.9386885,47.5932055],[-2.9389494,47.5916722],[-2.9387956,47.5911638],[-2.9390678,47.5898818],[-2.9386522,47.5895789],[-2.9383353,47.5887897],[-2.9380995,47.5885952],[-2.9381229,47.5880868],[-2.9383591,47.5879837],[-2.9384182,47.5877269],[-2.9373223,47.5876696],[-2.9370352,47.5870423],[-2.9367324,47.5867189],[-2.9366489,47.5864667],[-2.9368424,47.5860591],[-2.9367328,47.5859505],[-2.9363154,47.5860564],[-2.9343348,47.5859048],[-2.9341448,47.5860328],[-2.934106,47.5869206],[-2.9343711,47.5872748],[-2.9341624,47.5878164],[-2.9345744,47.5882547],[-2.9344946,47.5885181],[-2.9354091,47.5890037],[-2.9355093,47.5893134],[-2.9361745,47.5897392],[-2.9365531,47.5902277],[-2.936691,47.5907382],[-2.936631,47.5911221],[-2.9362878,47.5917165],[-2.9360866,47.5917486],[-2.9356316,47.592187],[-2.9355565,47.5925676],[-2.9359658,47.5936711],[-2.9368183,47.5942303],[-2.9370754,47.5946167],[-2.9371668,47.5952658],[-2.9367858,47.5965478],[-2.9364058,47.5970608],[-2.936061,47.5973911],[-2.9345088,47.5983418],[-2.9337499,47.5993678],[-2.9335588,47.5998798],[-2.9320418,47.6002638],[-2.9318528,47.6003918],[-2.9316618,47.6009048],[-2.9309038,47.6010328],[-2.9307138,47.6011608],[-2.9307128,47.6016738],[-2.9312808,47.6024428],[-2.9320388,47.6024438],[-2.9320388,47.6029568],[-2.9327968,47.6029568],[-2.9329848,47.6039828],[-2.9320358,47.6046238],[-2.9312778,47.6047508],[-2.9318458,47.6055208],[-2.9324138,47.6060338],[-2.9312758,47.6061618],[-2.9308968,47.6061608],[-2.9307078,47.6060328],[-2.9307078,47.6057768],[-2.9310868,47.6055198],[-2.9310878,47.6052638],[-2.9307088,47.6050068],[-2.9307025,47.6038594],[-2.9295739,47.6029548],[-2.9293858,47.6021858],[-2.9277823,47.6021146],[-2.9270833,47.6017791],[-2.9269469,47.6006448],[-2.9271547,47.6005514],[-2.927201,47.6001071],[-2.9270699,47.5991849],[-2.9267749,47.5990652],[-2.9269431,47.5977857],[-2.9263938,47.5973087],[-2.926261,47.5970305],[-2.9264015,47.596125],[-2.926792,47.5954119],[-2.9268902,47.594939],[-2.9263376,47.5944265],[-2.9263327,47.5938917],[-2.9272862,47.5938311],[-2.9273118,47.5937218],[-2.9276907,47.5935568],[-2.9278639,47.5932037],[-2.927425,47.5916708],[-2.9262841,47.5922683],[-2.92545,47.5916705],[-2.9261778,47.5914128],[-2.9268289,47.5908401],[-2.9270443,47.5896746],[-2.9269443,47.5893282],[-2.9264463,47.5886958],[-2.9259804,47.588467],[-2.9257564,47.5881644],[-2.925466,47.5881462],[-2.9253146,47.587886],[-2.925625,47.5858918],[-2.9248162,47.5857744],[-2.9232354,47.585128],[-2.9223069,47.5850573],[-2.9215567,47.5846235],[-2.9202034,47.5825572],[-2.9180286,47.5821604],[-2.917556,47.5822648],[-2.9172555,47.5825921],[-2.9171672,47.5838196],[-2.9181556,47.5854237],[-2.9180128,47.5858195],[-2.9168454,47.5863653],[-2.9152155,47.5864555],[-2.9149191,47.5866909],[-2.9145742,47.5872917],[-2.9143923,47.5899633],[-2.9140022,47.5910078],[-2.9135392,47.591429],[-2.9121102,47.5917186],[-2.9104814,47.5917189],[-2.9082208,47.59142],[-2.9068132,47.5910264],[-2.9057146,47.5903954],[-2.9055,47.5903954],[-2.9046589,47.5893014],[-2.9039121,47.5875937],[-2.9039636,47.5868121],[-2.90441,47.5864995],[-2.9043585,47.5858569],[-2.9045301,47.585608],[-2.9049507,47.5852896],[-2.905397,47.5846933],[-2.9076973,47.5842881],[-2.9084097,47.5841086],[-2.9084784,47.584016],[-2.9084354,47.5837902],[-2.9077488,47.5833097],[-2.9070192,47.5833618],[-2.9062639,47.5830665],[-2.9057146,47.5824875],[-2.9057146,47.5819607],[-2.9041525,47.5821344],[-2.9037662,47.5823254],[-2.902762,47.5825454],[-2.9025389,47.5828465],[-2.9017493,47.5831823],[-2.9010282,47.5839407],[-2.9001529,47.5843691],[-2.8995176,47.5844907],[-2.8998524,47.5849075],[-2.8993288,47.5854633],[-2.8992086,47.585388],[-2.898994,47.5855791],[-2.8982988,47.585637],[-2.8973633,47.5855443],[-2.8957411,47.5850233],[-2.8952605,47.584618],[-2.8952947,47.5842881],[-2.8955265,47.5842244],[-2.8957153,47.5842938],[-2.8956552,47.5840044],[-2.8959127,47.5834602],[-2.8961702,47.5832518],[-2.8961187,47.5829739],[-2.8956811,47.5827018],[-2.8960844,47.5825223],[-2.8957582,47.582256],[-2.8959127,47.5821575],[-2.8958356,47.5820939],[-2.8956552,47.5821749],[-2.8951917,47.5818507],[-2.8953206,47.5815265],[-2.8951402,47.5814628],[-2.8947455,47.5824123],[-2.8927542,47.5823486],[-2.892737,47.5824239],[-2.8915183,47.5817581],[-2.8909174,47.581596],[-2.8906685,47.5816307],[-2.8904282,47.5817928],[-2.8903766,47.5822502],[-2.8900077,47.5828465],[-2.890514,47.5839118],[-2.8903766,47.5841202],[-2.8907286,47.5854864],[-2.89072,47.5863201],[-2.8903595,47.5871653],[-2.8904196,47.5877905],[-2.8899476,47.5890119],[-2.8898274,47.5890004],[-2.8897844,47.5893129],[-2.8899476,47.5893303],[-2.8899647,47.589805],[-2.8894411,47.5911943],[-2.8887802,47.5915647],[-2.8886343,47.5920047],[-2.8892179,47.5940595],[-2.8896128,47.5943374],[-2.88969,47.5945457],[-2.8896299,47.5953561],[-2.8897844,47.5955124],[-2.8895098,47.5958191],[-2.8896814,47.5963343],[-2.8900934,47.5966526],[-2.8904282,47.5966757],[-2.8919817,47.5958133],[-2.8920675,47.5958654],[-2.8923508,47.5956628],[-2.892531,47.5956802],[-2.8929172,47.5952172],[-2.8945738,47.5947888],[-2.8949257,47.5948757],[-2.8953807,47.5952519],[-2.8964706,47.5957149],[-2.896651,47.5955529],[-2.8964965,47.5950493],[-2.8960158,47.5947715],[-2.8958356,47.5947888],[-2.8956037,47.5944068],[-2.894651,47.5939206],[-2.8937841,47.5939611],[-2.8936983,47.5938859],[-2.8973289,47.5918021],[-2.897904,47.5919005],[-2.8984018,47.5921494],[-2.8994146,47.5929771],[-2.8988826,47.5930755],[-2.89914,47.593145],[-2.8988739,47.5932607],[-2.8990198,47.5933823],[-2.8988396,47.593718],[-2.8988996,47.5937875],[-2.8992687,47.5936601],[-2.8992172,47.5939495],[-2.8993545,47.5940595],[-2.8997751,47.5940016],[-2.8996721,47.5942795],[-2.9000326,47.5942505],[-2.9001957,47.5943489],[-2.9002472,47.5944473],[-2.8999383,47.59443],[-2.8999468,47.5945284],[-2.9003673,47.5948294],[-2.9007793,47.5957034],[-2.9007622,47.5959349],[-2.8982559,47.5974224],[-2.8973461,47.5974571],[-2.8973461,47.5975555],[-2.8965565,47.597052],[-2.8961702,47.5965658],[-2.8944107,47.5959407],[-2.8936039,47.596149],[-2.8929086,47.596068],[-2.8926082,47.5964326],[-2.8923342,47.5962792],[-2.8918467,47.5965475],[-2.8911508,47.5972542],[-2.891076,47.5975671],[-2.8912888,47.5980528],[-2.8916678,47.5983098],[-2.8916668,47.5985658],[-2.8912869,47.5993348],[-2.8897658,47.6013848],[-2.8893858,47.6016408],[-2.8886248,47.6029228],[-2.8883865,47.603061],[-2.8871369,47.6033573],[-2.8855846,47.6034391],[-2.8841461,47.6029914],[-2.8832726,47.6022141],[-2.8806704,47.6016448],[-2.8783532,47.6009742],[-2.8770022,47.6004679],[-2.8755208,47.5996309],[-2.8753193,47.5993625],[-2.8754811,47.5988364],[-2.8722371,47.5983591],[-2.8705891,47.5986022],[-2.8692759,47.5984054],[-2.8665465,47.5975604],[-2.8643407,47.5965359],[-2.8639716,47.596507],[-2.8635424,47.5967443],[-2.8626755,47.5967443],[-2.8623065,47.5969237],[-2.862255,47.5972421],[-2.861577,47.5977861],[-2.8618774,47.5989553],[-2.8617314,47.599262],[-2.8606156,47.5998003],[-2.8600664,47.6002517],[-2.8588389,47.6009751],[-2.8587531,47.6018548],[-2.8589333,47.6022252],[-2.8601861,47.6027084],[-2.8597965,47.602898],[-2.8598923,47.6030134],[-2.860375,47.6028559],[-2.8605171,47.6030265],[-2.8606565,47.6029966],[-2.8614825,47.6039672],[-2.8622718,47.6035348],[-2.8630298,47.6035358],[-2.8643192,47.60382],[-2.8661473,47.6049022],[-2.8675464,47.6055272],[-2.8681398,47.6070038],[-2.8679068,47.6074658],[-2.8670485,47.6083743],[-2.8663189,47.6086116],[-2.8657868,47.6089877],[-2.8654435,47.6094333],[-2.8643398,47.6100768],[-2.8637698,47.6107168],[-2.8630482,47.6110742],[-2.8611128,47.6117398],[-2.8597828,47.6126348],[-2.8584134,47.6132845],[-2.8577524,47.6133482],[-2.8565578,47.6132728],[-2.8559868,47.6139128],[-2.8559858,47.6144258],[-2.8567429,47.6149398],[-2.8571208,47.6154528],[-2.8574988,47.6157098],[-2.8578738,47.6175048],[-2.8583581,47.6176736],[-2.8590774,47.6184444],[-2.8608071,47.6184139],[-2.8611863,47.6182766],[-2.8618257,47.6183506],[-2.8626018,47.6182483],[-2.8632128,47.6185086],[-2.8662389,47.6180338],[-2.8655975,47.6187707],[-2.8654398,47.6193345],[-2.8645136,47.6196171],[-2.8643775,47.6200766],[-2.8644919,47.620841],[-2.8638316,47.6216496],[-2.8626372,47.6223022],[-2.8614336,47.6224694],[-2.8601479,47.6230203],[-2.8593115,47.6231643],[-2.8591988,47.6230679],[-2.8582147,47.6229174],[-2.857937,47.6227016],[-2.8579988,47.6224947],[-2.8577275,47.6223979],[-2.857625,47.6222141],[-2.8573402,47.6222995],[-2.8568551,47.6221169],[-2.856606,47.6222518],[-2.8557814,47.6222866],[-2.8562241,47.6215741],[-2.8553041,47.6215053],[-2.8544215,47.6217897],[-2.8540935,47.6217178],[-2.8533357,47.6218037],[-2.8530784,47.6216132],[-2.8532053,47.6213592],[-2.8547982,47.62072],[-2.8551072,47.6198703],[-2.8555359,47.6193271],[-2.8555548,47.6191932],[-2.8553893,47.6191008],[-2.8547296,47.6190256],[-2.8540601,47.6190834],[-2.8537546,47.6192634],[-2.8533355,47.6191962],[-2.8525627,47.619282],[-2.8521891,47.6194389],[-2.8520002,47.6196561],[-2.8513755,47.6196338],[-2.8507718,47.6198461],[-2.850219,47.6198371],[-2.8492994,47.6194567],[-2.8493871,47.6193522],[-2.8488019,47.6188229],[-2.8488329,47.6185627],[-2.847959,47.6179039],[-2.8470512,47.6179565],[-2.846769,47.6178532],[-2.8467144,47.6176575],[-2.8460909,47.6177426],[-2.8460825,47.6178326],[-2.8456074,47.6179407],[-2.8452538,47.618181],[-2.8445089,47.6182976],[-2.844146,47.6180468],[-2.8440855,47.618122],[-2.8439421,47.6179852],[-2.8436439,47.6179786],[-2.8430723,47.6177511],[-2.8429031,47.6175105],[-2.8416539,47.6174868],[-2.8415182,47.6173326],[-2.8416213,47.6171125],[-2.8405762,47.6167173],[-2.8405526,47.6168097],[-2.8394414,47.61673],[-2.8392428,47.6166312],[-2.8385477,47.61673],[-2.8384961,47.6169265],[-2.8376961,47.6173984],[-2.8374975,47.6173932],[-2.8368048,47.6179207],[-2.8362232,47.6179737],[-2.8351368,47.6184853],[-2.8344165,47.6193096],[-2.8337542,47.6197591],[-2.8337057,47.6201635],[-2.8335573,47.6202926],[-2.8333057,47.6203986],[-2.8328218,47.6203653],[-2.8319416,47.6200905],[-2.8309019,47.6194682],[-2.8306841,47.6194922],[-2.829862,47.6190714],[-2.8292682,47.6192134],[-2.8282293,47.6183721],[-2.8288775,47.6181425],[-2.829847,47.61827],[-2.8300768,47.6181781],[-2.8311496,47.616851],[-2.8326075,47.6157084],[-2.8338223,47.6144415],[-2.8345997,47.613907],[-2.834843,47.6133757],[-2.835731,47.6127507],[-2.8355273,47.6126746],[-2.8344181,47.6126583],[-2.8329878,47.6134564],[-2.8329075,47.6135905],[-2.8311473,47.6143463],[-2.8309758,47.6142051],[-2.8299561,47.6145071],[-2.8294704,47.6141426],[-2.8298021,47.6145015],[-2.8298634,47.6148136],[-2.8293841,47.6153377],[-2.8283947,47.6159939],[-2.8273724,47.6160764],[-2.8272846,47.615994],[-2.8265357,47.6159762],[-2.8251719,47.6157233],[-2.8254093,47.6159654],[-2.8253245,47.6162727],[-2.8248503,47.6166015],[-2.8241599,47.6168147],[-2.82374,47.6172038],[-2.8232472,47.6173628],[-2.8220415,47.6184527],[-2.8219419,47.6189539],[-2.8216689,47.6193263],[-2.8211417,47.6196484],[-2.8194892,47.6199045],[-2.8188393,47.6202797],[-2.8181373,47.6204824],[-2.81653,47.6212028],[-2.8157883,47.621647],[-2.8151312,47.6216867],[-2.8151254,47.6218939],[-2.8136224,47.621685],[-2.8133452,47.6218606],[-2.8134473,47.6220063],[-2.8128765,47.622145],[-2.8124394,47.6224608],[-2.8118054,47.6225146],[-2.8101543,47.6222796],[-2.8096824,47.6219976],[-2.8093268,47.6220266],[-2.8087027,47.6217278],[-2.8077021,47.6215049],[-2.807379,47.6212798],[-2.8065153,47.621408],[-2.8059456,47.621184],[-2.8048708,47.6209682],[-2.8026463,47.6195429],[-2.8014743,47.6184803],[-2.8011857,47.6178811],[-2.8010611,47.6170676],[-2.8012107,47.6169766],[-2.8011694,47.6166913],[-2.8011763,47.616969],[-2.8010206,47.6170714],[-2.8011624,47.6179803],[-2.7997046,47.6183712],[-2.7987925,47.6183558],[-2.7985065,47.6182505],[-2.7981988,47.6183303],[-2.7980579,47.6186468],[-2.7982526,47.6189797],[-2.7980784,47.6194528],[-2.7978634,47.6196333],[-2.7972683,47.6199025],[-2.7958229,47.6201478],[-2.7954339,47.6203842],[-2.7934494,47.6202538],[-2.7931649,47.6201515],[-2.7931235,47.6199986],[-2.7923717,47.6200373],[-2.7900068,47.6193966],[-2.7898844,47.6194846],[-2.7899188,47.6201032],[-2.7897505,47.6202707],[-2.7889061,47.6205699],[-2.7883191,47.6204914],[-2.78731,47.6206701],[-2.7861526,47.6218298],[-2.785571,47.6218591],[-2.7847414,47.6217403],[-2.7830811,47.6211633],[-2.7829245,47.621032],[-2.7825605,47.621066],[-2.7820264,47.6213372],[-2.7818359,47.6218479],[-2.7814138,47.6222684],[-2.7811509,47.6227827],[-2.7813094,47.6236834],[-2.780951,47.6240035],[-2.781086,47.6241166],[-2.7810298,47.6242831],[-2.7812702,47.6244113],[-2.7811675,47.6247974],[-2.7815474,47.6248282],[-2.7815828,47.625067],[-2.7819568,47.6255267],[-2.7820439,47.6259397],[-2.7814904,47.6262546],[-2.780766,47.6262856],[-2.7805106,47.6264329],[-2.7797433,47.6263999],[-2.7793866,47.6264988],[-2.7798616,47.6270938],[-2.7814076,47.6279943],[-2.7820562,47.6286579],[-2.7822807,47.6291309],[-2.7833582,47.6303677],[-2.7840144,47.6307044],[-2.7852582,47.6309627],[-2.7869302,47.6315416],[-2.7873847,47.6315911],[-2.7891451,47.6314306],[-2.7882006,47.6320861],[-2.7894072,47.6336408],[-2.7899593,47.6339406],[-2.7907373,47.6339487],[-2.7913474,47.6342079],[-2.7921516,47.6342764],[-2.793293,47.6356565],[-2.7935957,47.635829],[-2.7941341,47.6359274],[-2.7942722,47.6361315],[-2.7943382,47.6371976],[-2.7945866,47.6376421],[-2.7943237,47.637854],[-2.7928385,47.6379433],[-2.7922444,47.6381265],[-2.7923241,47.6395291],[-2.7916596,47.6402498],[-2.7915456,47.6405819],[-2.7918493,47.6410295],[-2.7917022,47.6410943],[-2.7911469,47.6413273],[-2.7900503,47.6406477],[-2.7893238,47.6403508],[-2.7888517,47.6403322],[-2.7881966,47.6408216],[-2.7877107,47.6408084],[-2.7866209,47.6409973],[-2.7859774,47.6412792],[-2.7851982,47.6414087],[-2.7847658,47.6416238],[-2.7844245,47.6419416],[-2.7842942,47.6426279],[-2.7841363,47.6427849],[-2.7840494,47.642729],[-2.7840258,47.6419826],[-2.7841593,47.6419831],[-2.7841721,47.6413783],[-2.7837794,47.6408887],[-2.7837644,47.6406008],[-2.7843154,47.6401066],[-2.784426,47.6396554],[-2.7843186,47.6392106],[-2.7837343,47.6388403],[-2.7849221,47.6388331],[-2.7859169,47.6391392],[-2.7859667,47.6389523],[-2.7855817,47.6382812],[-2.7860677,47.6381657],[-2.7870937,47.638271],[-2.788502,47.638644],[-2.7887235,47.6386186],[-2.7891221,47.6383383],[-2.7891076,47.6378609],[-2.7893047,47.6375186],[-2.788983,47.6366761],[-2.788481,47.6363165],[-2.788133,47.6357071],[-2.7874291,47.6352134],[-2.7875393,47.6342061],[-2.7873564,47.6335069],[-2.7871087,47.6333683],[-2.7866978,47.6331658],[-2.7847654,47.6332129],[-2.7834574,47.6330881],[-2.7832671,47.6329293],[-2.7822808,47.6329265],[-2.7818663,47.6328353],[-2.7817704,47.6327025],[-2.7808748,47.632297],[-2.7806736,47.6309298],[-2.7812445,47.6305301],[-2.7813446,47.6299773],[-2.7809162,47.6294789],[-2.7808728,47.6290062],[-2.7799518,47.6281453],[-2.7795687,47.6279902],[-2.7776149,47.6277379],[-2.7771701,47.6274007],[-2.7774485,47.6269807],[-2.7773048,47.6269437],[-2.7771258,47.6273161],[-2.7767702,47.6272429],[-2.7765125,47.6273332],[-2.7764486,47.6275622],[-2.778192,47.6291021],[-2.777842,47.6291976],[-2.7778368,47.6293809],[-2.7788683,47.6295252],[-2.7791317,47.6297104],[-2.7790896,47.6303102],[-2.7792911,47.6306281],[-2.7801868,47.6308718],[-2.7802578,47.6309738],[-2.7804184,47.632178],[-2.7797919,47.6327101],[-2.7794099,47.6328011],[-2.7781415,47.6328337],[-2.7760561,47.632346],[-2.7747778,47.6318312],[-2.7733982,47.6309105],[-2.77287,47.6307141],[-2.7714541,47.6305222],[-2.7703939,47.6302447],[-2.769739,47.6302298],[-2.7679662,47.6304853],[-2.7657816,47.6312484],[-2.7640025,47.6316288],[-2.7637632,47.6319185],[-2.7632549,47.632083],[-2.7634331,47.6322041],[-2.7628353,47.6326297],[-2.762359,47.6333294],[-2.7621583,47.6333935],[-2.762107,47.633609],[-2.7622885,47.6336356],[-2.7622713,47.6339845],[-2.7619068,47.6384603],[-2.761731,47.6399003],[-2.7615328,47.6402659],[-2.7600958,47.6402093],[-2.7600436,47.6398577],[-2.7602353,47.6396423],[-2.7599962,47.6395853],[-2.7595274,47.6396816],[-2.7595221,47.6398167],[-2.7593203,47.6398449],[-2.7579737,47.6394853],[-2.7551178,47.6380852],[-2.7551098,47.6364949],[-2.754895,47.6361906],[-2.7551193,47.6356074],[-2.7549329,47.6352349],[-2.7551888,47.635054],[-2.7556183,47.6350008],[-2.7561187,47.6347614],[-2.7561408,47.6346323],[-2.7560228,47.6345222],[-2.7555829,47.6345138],[-2.7548602,47.6346905],[-2.7545819,47.634618],[-2.7545722,47.6345263],[-2.7546721,47.6342385],[-2.7551009,47.6339162],[-2.7565998,47.6332643],[-2.7567817,47.6332711],[-2.7570698,47.6330071],[-2.7574363,47.6328862],[-2.7575579,47.6324099],[-2.7580432,47.6322158],[-2.7581369,47.6320275],[-2.7572761,47.6307318],[-2.7576296,47.6299991],[-2.757297,47.6295181],[-2.7566175,47.629412],[-2.756193,47.6294827],[-2.7556143,47.6293583],[-2.7548498,47.6289988],[-2.7538606,47.6282616],[-2.7526465,47.6258718],[-2.7523889,47.6250192],[-2.7523683,47.6241551],[-2.7518861,47.6235388],[-2.7518387,47.6232753],[-2.7516113,47.6231588],[-2.751557,47.6228174],[-2.7508461,47.6220539],[-2.7499416,47.6213642],[-2.7495076,47.6211234],[-2.7485141,47.620862],[-2.748428,47.6207564],[-2.7467501,47.6207924],[-2.745955,47.6209277],[-2.7453377,47.6212427],[-2.7456561,47.6218567],[-2.7452058,47.6229518],[-2.7452038,47.6232078],[-2.7455808,47.6237218],[-2.7453449,47.6249131],[-2.7454821,47.6252722],[-2.7458634,47.6256754],[-2.7462973,47.6258749],[-2.7457951,47.627114],[-2.7450503,47.6281815],[-2.7459081,47.6284738],[-2.7454322,47.6291008],[-2.7445329,47.6287849],[-2.7437628,47.6287905],[-2.7423099,47.6282776],[-2.7420373,47.6278735],[-2.7417609,47.6266427],[-2.7416656,47.6266682],[-2.7411631,47.6260991],[-2.7418852,47.6259928],[-2.7431108,47.6251428],[-2.7436417,47.6242014],[-2.7432548,47.6233514],[-2.7437142,47.62263],[-2.7436285,47.6224096],[-2.7431616,47.6220191],[-2.7421902,47.6214475],[-2.7415245,47.6206257],[-2.7414521,47.6201119],[-2.7410694,47.6195051],[-2.7410438,47.6189074],[-2.7401537,47.6180572],[-2.7393072,47.6178164],[-2.7380031,47.6171524],[-2.7372704,47.6166158],[-2.7353827,47.6158249],[-2.7358109,47.6150521],[-2.735328,47.6156965],[-2.7338738,47.6149541],[-2.7330006,47.6147167],[-2.7333544,47.6139648],[-2.7352203,47.6145959],[-2.7355864,47.6144126],[-2.7358114,47.6147375],[-2.7357051,47.6143269],[-2.7364486,47.6139092],[-2.7369186,47.614209],[-2.7382342,47.6140913],[-2.7389988,47.6139115],[-2.739134,47.613783],[-2.741668,47.6142459],[-2.7425311,47.6141826],[-2.7428589,47.6142554],[-2.743263,47.6144638],[-2.7436093,47.6154509],[-2.743883,47.615654],[-2.7442455,47.6156246],[-2.7446284,47.6160125],[-2.745066,47.6160386],[-2.7454267,47.6162142],[-2.7458457,47.616648],[-2.7461209,47.6172612],[-2.7463061,47.6190781],[-2.746939,47.6186781],[-2.7479889,47.6186733],[-2.7486864,47.6181714],[-2.7513515,47.6175106],[-2.7522526,47.617625],[-2.7531607,47.6174195],[-2.7539927,47.617467],[-2.7545955,47.6177238],[-2.7560993,47.6179516],[-2.7563091,47.6182085],[-2.756194,47.6183338],[-2.756244,47.618802],[-2.756473,47.619211],[-2.7569543,47.6198332],[-2.7576167,47.6202766],[-2.7591104,47.6205996],[-2.7599323,47.6210825],[-2.7610916,47.621278],[-2.761743,47.621497],[-2.7618583,47.6218367],[-2.7636528,47.6229478],[-2.7646124,47.6232713],[-2.7651891,47.6231994],[-2.7663716,47.6223606],[-2.7667622,47.6222556],[-2.7668811,47.622515],[-2.7680602,47.6229872],[-2.7707695,47.6236532],[-2.7719361,47.6241264],[-2.7729147,47.6247081],[-2.7737294,47.6248978],[-2.7748328,47.6254208],[-2.7748255,47.6259068],[-2.7749681,47.6254837],[-2.7758235,47.6255229],[-2.7776215,47.6253508],[-2.7782729,47.6254367],[-2.7787709,47.625139],[-2.7789629,47.6245528],[-2.7791496,47.6246351],[-2.7792098,47.6245659],[-2.7781927,47.6238118],[-2.7785824,47.6235311],[-2.7791581,47.6233605],[-2.779528,47.6234921],[-2.7793779,47.6233983],[-2.7795048,47.6233074],[-2.7797521,47.6223793],[-2.7796433,47.6223434],[-2.7797262,47.6218575],[-2.7795656,47.6216471],[-2.7794009,47.6207737],[-2.778758,47.6200735],[-2.7784051,47.6189016],[-2.7775675,47.618494],[-2.7770829,47.6183213],[-2.7755902,47.6181247],[-2.7743184,47.6176648],[-2.7733019,47.6177514],[-2.7725257,47.6176627],[-2.7717537,47.6172584],[-2.7715218,47.617026],[-2.7718044,47.6168402],[-2.7716159,47.616697],[-2.7713604,47.616855],[-2.7712202,47.6168298],[-2.7706685,47.6162135],[-2.7705884,47.6162674],[-2.769007,47.6155878],[-2.7690468,47.6155096],[-2.7675374,47.6150519],[-2.7674029,47.6151531],[-2.7664528,47.6148506],[-2.764555,47.6138966],[-2.7644755,47.6139905],[-2.7639887,47.6139776],[-2.763579,47.6142939],[-2.7628235,47.6146046],[-2.7617748,47.6148453],[-2.7609794,47.6146457],[-2.7595323,47.6151792],[-2.7582302,47.6148791],[-2.7580112,47.6144731],[-2.7579974,47.6138286],[-2.7581592,47.613496],[-2.7587632,47.6132181],[-2.757939,47.6127186],[-2.7572699,47.6127032],[-2.7557728,47.6123719],[-2.7557772,47.6121281],[-2.7553489,47.6117485],[-2.7552565,47.6117779],[-2.7553726,47.6116178],[-2.7549477,47.6112492],[-2.7544283,47.610431],[-2.753788,47.6100061],[-2.7533082,47.609785],[-2.752878,47.6097533],[-2.7514965,47.6099262],[-2.7498571,47.6095937],[-2.7490015,47.609137],[-2.7474733,47.6077974],[-2.7456372,47.6072917],[-2.7446345,47.6068191],[-2.7441539,47.6062691],[-2.7441823,47.605975],[-2.7436247,47.6055225],[-2.7427246,47.6054833],[-2.741827,47.6056455],[-2.7403624,47.6051045],[-2.7399322,47.6045273],[-2.7401275,47.6042875],[-2.7399447,47.6040927],[-2.7400162,47.6039019],[-2.7389109,47.6033848],[-2.7376854,47.6025784],[-2.7372509,47.6022692],[-2.7370759,47.6019599],[-2.7368144,47.6019798],[-2.7358837,47.6014854],[-2.7351605,47.6008394],[-2.7350075,47.6008353],[-2.7339693,47.5997706],[-2.7334222,47.5997607],[-2.7326818,47.599409],[-2.7321466,47.5987883],[-2.7317337,47.5988632],[-2.7311918,47.5987004],[-2.7308283,47.5992749],[-2.7309357,47.5996046],[-2.7311224,47.5996371],[-2.7319928,47.6004468],[-2.7321004,47.601451],[-2.732315,47.6017172],[-2.7342265,47.6027212],[-2.7346208,47.6031016],[-2.7351344,47.6032554],[-2.7353153,47.603475],[-2.7349119,47.6036515],[-2.73461,47.6034997],[-2.734214,47.6035594],[-2.7325872,47.6045101],[-2.7315208,47.60553],[-2.7308689,47.605534],[-2.7299471,47.6047979],[-2.7291188,47.6037208],[-2.7293096,47.6032431],[-2.7300566,47.6025365],[-2.7302967,47.6017905],[-2.7297045,47.6017246],[-2.7286484,47.6019852],[-2.7279676,47.6018782],[-2.7278484,47.6022252],[-2.7265294,47.6028264],[-2.7259995,47.6032872],[-2.7255217,47.6034187],[-2.7243943,47.6030813],[-2.7238407,47.6031801],[-2.7233292,47.6033138],[-2.7224893,47.6039514],[-2.7222763,47.6037808],[-2.7209603,47.6033319],[-2.7204387,47.6028862],[-2.7203993,47.6024604],[-2.720142,47.6020255],[-2.7193407,47.6013653],[-2.7187259,47.5999163],[-2.7179173,47.5991711],[-2.7174346,47.5983818],[-2.7174314,47.5981669],[-2.7176865,47.5979064],[-2.718227,47.5977774],[-2.7187221,47.5978165],[-2.7189792,47.5977111],[-2.7190751,47.597575],[-2.7187926,47.5967859],[-2.7188335,47.5964295],[-2.7195464,47.5961339],[-2.7180467,47.594185],[-2.7180246,47.593032],[-2.7183165,47.5921977],[-2.7185214,47.5922612],[-2.719039,47.5921247],[-2.7202003,47.5921941],[-2.7216292,47.591152],[-2.7221823,47.5914445],[-2.7228745,47.5915926],[-2.7235761,47.5920342],[-2.7231076,47.5926028],[-2.7229527,47.592547],[-2.7226992,47.5928363],[-2.7230505,47.5932222],[-2.7237496,47.5936326],[-2.7238016,47.5935647],[-2.7241152,47.593692],[-2.7243797,47.5936825],[-2.7249949,47.5940051],[-2.7260335,47.5946728],[-2.7262459,47.5947121],[-2.7264371,47.5950316],[-2.7267921,47.5952632],[-2.72803,47.5955691],[-2.7282133,47.5955634],[-2.7282251,47.5954816],[-2.7289621,47.5954945],[-2.728583,47.594807],[-2.7286293,47.5942031],[-2.7288636,47.5937809],[-2.7291032,47.5936507],[-2.729778,47.5935381],[-2.7299811,47.5935551],[-2.7303256,47.5937862],[-2.7304958,47.5937603],[-2.730425,47.5934776],[-2.7300698,47.5931783],[-2.7300243,47.5928304],[-2.7296536,47.592734],[-2.7287396,47.591996],[-2.7285396,47.5920076],[-2.7281943,47.5918777],[-2.7282005,47.5917981],[-2.727764,47.5918299],[-2.7276744,47.5916928],[-2.7275118,47.5917252],[-2.727515,47.5916412],[-2.7272889,47.5915749],[-2.7273052,47.5914099],[-2.7269306,47.5913283],[-2.7267559,47.5911269],[-2.7264575,47.5911593],[-2.7262441,47.5910493],[-2.7263087,47.5908514],[-2.7260045,47.5907404],[-2.7251398,47.5910098],[-2.7246602,47.5913046],[-2.7243918,47.5913088],[-2.7242575,47.5911654],[-2.7240776,47.5912282],[-2.7235061,47.5910331],[-2.7232937,47.5913643],[-2.7230037,47.5915481],[-2.7225595,47.591501],[-2.7219335,47.5912647],[-2.7212739,47.590736],[-2.7210558,47.5901557],[-2.7203154,47.5897298],[-2.7197721,47.5895996],[-2.7201906,47.5898102],[-2.720189,47.5899812],[-2.7200664,47.590015],[-2.7202042,47.5901245],[-2.7201789,47.5904685],[-2.7199717,47.5906654],[-2.7185427,47.5910512],[-2.7178042,47.5929698],[-2.7169472,47.5929004],[-2.7164586,47.5926644],[-2.7156219,47.5929674],[-2.7150558,47.5928045],[-2.7146707,47.5929624],[-2.7145026,47.5934051],[-2.7138543,47.5934947],[-2.7116568,47.5929953],[-2.7109775,47.5921874],[-2.7100468,47.5921124],[-2.709613,47.592221],[-2.709246,47.5926601],[-2.7095209,47.5931815],[-2.7098221,47.5934093],[-2.7099553,47.5937711],[-2.7108985,47.5935188],[-2.7111802,47.5936088],[-2.7113591,47.593565],[-2.7117001,47.5939383],[-2.7131951,47.5949409],[-2.7131755,47.5951349],[-2.7128098,47.5955741],[-2.7125859,47.5954704],[-2.7125458,47.5955608],[-2.7127965,47.5956759],[-2.712758,47.5959946],[-2.7108477,47.597514],[-2.7098715,47.5980686],[-2.7093498,47.5981071],[-2.7083773,47.5979339],[-2.7081261,47.5980188],[-2.7076797,47.5982477],[-2.7074144,47.598925],[-2.7069919,47.599225],[-2.7064225,47.5994297],[-2.7052645,47.5995143],[-2.7045422,47.5996921],[-2.7040505,47.6000185],[-2.7037089,47.6000865],[-2.7035616,47.600332],[-2.7031566,47.6005613],[-2.7030664,47.6008194],[-2.7002772,47.6004916],[-2.6997356,47.6030162],[-2.6989819,47.6045229],[-2.6964433,47.6067515],[-2.6946202,47.6087397],[-2.6931472,47.6107383],[-2.6918561,47.6131367],[-2.6914104,47.6149662],[-2.691744,47.6158727],[-2.6923397,47.616769],[-2.6856497,47.6164693],[-2.6830824,47.615982],[-2.6807307,47.6158239],[-2.6768841,47.6146456],[-2.6752669,47.6143473],[-2.6734105,47.6142813],[-2.6671252,47.6136717],[-2.6655326,47.6131746],[-2.6633746,47.6122854],[-2.6624626,47.6120084],[-2.6620001,47.6119763],[-2.6618119,47.6112511],[-2.6620003,47.6105282],[-2.6622085,47.6097905],[-2.6629565,47.6085011],[-2.6636271,47.60817],[-2.6644586,47.608026],[-2.664661,47.6078684],[-2.6646677,47.6064063],[-2.6651173,47.6064848],[-2.6653903,47.6063254],[-2.6652399,47.6060701],[-2.6648761,47.6059288],[-2.6646262,47.6059825],[-2.6643544,47.6057401],[-2.6644412,47.6055971],[-2.6648059,47.6056444],[-2.6649063,47.6055152],[-2.6645002,47.6053533],[-2.6647469,47.6048186],[-2.6644755,47.6044502],[-2.664483,47.6035878],[-2.6639796,47.6035649],[-2.6635407,47.6034204],[-2.6634031,47.6032908],[-2.6635317,47.6029299],[-2.6630454,47.6029781],[-2.6632601,47.6027287],[-2.6628447,47.6027612],[-2.6629144,47.6024797],[-2.6632731,47.6021068],[-2.6633567,47.6013949],[-2.6636803,47.6013331],[-2.6634895,47.6009255],[-2.6635174,47.6006409],[-2.6638687,47.6005782],[-2.6643521,47.6001716],[-2.6639403,47.5998337],[-2.6645505,47.5989446],[-2.6643632,47.5976047],[-2.6646839,47.597255],[-2.6651769,47.5973146],[-2.6651218,47.5971721],[-2.6660956,47.5970485],[-2.6668584,47.5970876],[-2.668182,47.597541],[-2.6688779,47.5976481],[-2.6697601,47.5975083],[-2.6716082,47.595721],[-2.671433,47.5951288],[-2.6719205,47.5945281],[-2.67323,47.5935238],[-2.6739041,47.5931612],[-2.6740757,47.5927097],[-2.6760265,47.5926846],[-2.6774913,47.592462],[-2.6778029,47.5920523],[-2.6780922,47.5911415],[-2.6801285,47.5919706],[-2.6807869,47.5914788],[-2.681021,47.590996],[-2.6819144,47.5906038],[-2.6832879,47.5903911],[-2.6849355,47.5902856]]],[[[-2.8917138,47.5762558],[-2.8913368,47.5749728],[-2.8907698,47.5743318],[-2.8900118,47.5743308],[-2.8896328,47.5745868],[-2.8888748,47.5747148],[-2.8886838,47.5754838],[-2.8880788,47.5759318],[-2.8879219,47.5770218],[-2.8865938,47.5779178],[-2.8858358,47.5781738],[-2.8848773,47.5787632],[-2.8848258,47.5796606],[-2.8851348,47.5799212],[-2.8858318,47.5799688],[-2.8860274,47.5801933],[-2.8859673,47.5807491],[-2.8852807,47.5808649],[-2.8848808,47.5813778],[-2.8842936,47.5816754],[-2.8841218,47.5818898],[-2.8843098,47.5824028],[-2.8850678,47.5824038],[-2.8858268,47.5818918],[-2.8859673,47.5815597],[-2.8862068,47.5815068],[-2.8871432,47.5818318],[-2.8874522,47.5820923],[-2.8874865,47.582787],[-2.8877268,47.5830476],[-2.8880988,47.5831758],[-2.8892358,47.5829208],[-2.8894268,47.5824078],[-2.8894278,47.5816388],[-2.8891688,47.5813918],[-2.8894264,47.5810039],[-2.8896237,47.5800601],[-2.8900008,47.5797158],[-2.8908425,47.5793827],[-2.8913288,47.5788198],[-2.8913328,47.5772808],[-2.8917118,47.5770248],[-2.8917138,47.5762558]]],[[[-2.7078098,47.58969],[-2.7074307,47.5894907],[-2.7070123,47.5890632],[-2.7067152,47.5890367],[-2.7066081,47.5888893],[-2.7062562,47.5891686],[-2.7062907,47.5896027],[-2.7064981,47.5897898],[-2.7076502,47.5900106],[-2.7078098,47.58969]]],[[[-2.7646162,47.5918766],[-2.764611,47.5915418],[-2.7642051,47.5912521],[-2.763967,47.5908408],[-2.7629486,47.5907079],[-2.762327,47.5908796],[-2.7621061,47.5913485],[-2.7620779,47.5919778],[-2.7625744,47.5925102],[-2.7640589,47.5925543],[-2.764487,47.5923384],[-2.7646162,47.5918766]]],[[[-2.8167911,47.5852308],[-2.8162363,47.584998],[-2.8147857,47.5847229],[-2.8137472,47.5841548],[-2.8120808,47.5825404],[-2.8119454,47.5820262],[-2.811824,47.5820108],[-2.8114481,47.5814124],[-2.8113241,47.5808809],[-2.8114629,47.580619],[-2.8118744,47.5805827],[-2.8121667,47.5802807],[-2.8130075,47.5800114],[-2.8129423,47.5798167],[-2.8133316,47.5793936],[-2.8130113,47.5790817],[-2.8121977,47.5790505],[-2.8118444,47.5788175],[-2.8115648,47.5789353],[-2.8110933,47.5787452],[-2.8109689,47.5785818],[-2.8105136,47.5785311],[-2.8098824,47.578258],[-2.8094605,47.5784942],[-2.8088388,47.5784676],[-2.8084432,47.5789478],[-2.8079242,47.5792023],[-2.808064,47.5798701],[-2.8073411,47.5813328],[-2.8065104,47.5816619],[-2.8053072,47.5818866],[-2.8038392,47.5818685],[-2.8036814,47.582129],[-2.8030747,47.5824271],[-2.8035134,47.5830647],[-2.8030444,47.5834026],[-2.8030721,47.5839271],[-2.8023473,47.5846775],[-2.802435,47.5853246],[-2.802319,47.5858109],[-2.8018977,47.5863884],[-2.8013222,47.5868291],[-2.8002653,47.5873432],[-2.8001133,47.5875791],[-2.7996971,47.5877739],[-2.7990266,47.5878997],[-2.7989455,47.588312],[-2.7994066,47.5886347],[-2.7993903,47.5888962],[-2.799243,47.5892197],[-2.7987642,47.5895469],[-2.7988137,47.589718],[-2.7986393,47.5898911],[-2.7983634,47.5900675],[-2.7972218,47.5903677],[-2.7953733,47.590481],[-2.79536,47.5906349],[-2.7949874,47.590835],[-2.7945764,47.5908661],[-2.7945237,47.5910464],[-2.7947175,47.5912692],[-2.7948267,47.5918246],[-2.7944713,47.5921972],[-2.7944259,47.5924138],[-2.7940407,47.5926718],[-2.7937968,47.5931066],[-2.7931072,47.5935681],[-2.791824,47.593873],[-2.7897731,47.5940331],[-2.7874651,47.5933496],[-2.7859614,47.5924101],[-2.7853057,47.5918804],[-2.7851967,47.591571],[-2.7852587,47.5911693],[-2.7857362,47.5905492],[-2.7859871,47.5904307],[-2.7862278,47.5905613],[-2.7867194,47.5897314],[-2.785995,47.5895061],[-2.7851542,47.5897138],[-2.7843775,47.5895813],[-2.7834251,47.5896443],[-2.781604,47.5891104],[-2.7813038,47.5890832],[-2.7810973,47.5891795],[-2.7812193,47.5888848],[-2.7795508,47.587541],[-2.7789161,47.5865364],[-2.7782694,47.5865448],[-2.7775833,47.5864017],[-2.7769204,47.5866308],[-2.7763299,47.5872991],[-2.7766709,47.5878112],[-2.776629,47.5879684],[-2.7768844,47.5881005],[-2.7772932,47.5888658],[-2.7771476,47.5893307],[-2.7766449,47.5898195],[-2.7767649,47.5908123],[-2.7764675,47.5913321],[-2.7754068,47.5920983],[-2.7747978,47.5927565],[-2.774522,47.5940395],[-2.774167,47.5948302],[-2.7753824,47.595742],[-2.7767897,47.5956622],[-2.7774829,47.5954795],[-2.7775891,47.5953732],[-2.7764617,47.5948893],[-2.7759594,47.5945492],[-2.7758273,47.5948213],[-2.7755809,47.5948538],[-2.7750797,47.5946654],[-2.7751841,47.5944424],[-2.7747015,47.5942727],[-2.7749686,47.5942789],[-2.7752463,47.5944433],[-2.7752694,47.5944907],[-2.775114,47.5946249],[-2.7757234,47.5947925],[-2.7764908,47.5934757],[-2.7781486,47.592723],[-2.7790822,47.5927766],[-2.77997,47.5932189],[-2.7806117,47.5934035],[-2.781904,47.5934342],[-2.7831126,47.5931297],[-2.7837258,47.5933711],[-2.7844178,47.5939124],[-2.7849111,47.5938125],[-2.7852621,47.5936135],[-2.7859358,47.5938448],[-2.7874495,47.596376],[-2.7877973,47.5973417],[-2.7876945,47.5979302],[-2.7872318,47.5983602],[-2.7869141,47.5992332],[-2.7866555,47.599465],[-2.7861335,47.5996092],[-2.7870282,47.5995171],[-2.7880243,47.5997248],[-2.7902347,47.6010023],[-2.7907244,47.6010879],[-2.791683,47.6008283],[-2.7938887,47.6014538],[-2.7940983,47.6017698],[-2.7939943,47.6023426],[-2.7932562,47.6034017],[-2.7928243,47.6037831],[-2.7925062,47.603841],[-2.7923687,47.6040872],[-2.7924599,47.6045617],[-2.7932671,47.6054928],[-2.7926287,47.6062016],[-2.7925268,47.6064292],[-2.7926251,47.6068086],[-2.7927512,47.6061811],[-2.7934008,47.6061219],[-2.7936008,47.6057136],[-2.7946496,47.6055526],[-2.7961752,47.6042655],[-2.7958729,47.6040619],[-2.7956404,47.6036036],[-2.7952509,47.6024397],[-2.7951011,47.6003687],[-2.7954993,47.5989674],[-2.7960409,47.5983394],[-2.7966585,47.5978702],[-2.7997108,47.5967692],[-2.8018288,47.5972613],[-2.8022159,47.5971393],[-2.8024566,47.5968693],[-2.8048607,47.5966316],[-2.8058197,47.5962253],[-2.8065496,47.5960369],[-2.8094181,47.5969645],[-2.8104393,47.5975545],[-2.8109148,47.5979796],[-2.8128425,47.5989676],[-2.8130605,47.5984183],[-2.8129966,47.5982556],[-2.8126651,47.5978768],[-2.8122051,47.5969097],[-2.811131,47.5957719],[-2.8107855,47.5949414],[-2.8102441,47.5947334],[-2.8097979,47.594692],[-2.8092885,47.5943725],[-2.8089128,47.5939358],[-2.8087474,47.5933108],[-2.8087951,47.5927272],[-2.8090355,47.5924257],[-2.8104944,47.591821],[-2.8106366,47.5918602],[-2.8112174,47.5916524],[-2.8114468,47.5914783],[-2.8119071,47.5914613],[-2.812551,47.5912246],[-2.8126704,47.590808],[-2.8125299,47.590663],[-2.8125934,47.5905519],[-2.8123953,47.5906513],[-2.8122754,47.5905709],[-2.8117922,47.5899898],[-2.8114085,47.5893744],[-2.8110946,47.5884805],[-2.8102138,47.5883388],[-2.8098262,47.5884136],[-2.8091644,47.5879518],[-2.8077911,47.5878594],[-2.8083609,47.5862114],[-2.809014,47.5854934],[-2.80927,47.5853885],[-2.8095174,47.5854661],[-2.8104316,47.5847674],[-2.8121095,47.5839912],[-2.8127624,47.5838772],[-2.8132999,47.5839344],[-2.8142243,47.5844835],[-2.8145955,47.5850966],[-2.8152159,47.5853539],[-2.8154919,47.5853962],[-2.815675,47.5852728],[-2.8161634,47.5852087],[-2.8167911,47.5852308]]],[[[-2.8623747,47.568945],[-2.8623463,47.5686895],[-2.8614544,47.568118],[-2.86115,47.5677261],[-2.8610307,47.566944],[-2.8611515,47.5658693],[-2.860868,47.5647278],[-2.8610293,47.5639035],[-2.8609096,47.5625813],[-2.8610611,47.5623011],[-2.8603976,47.5611861],[-2.8602523,47.5602466],[-2.8597148,47.5599416],[-2.8587341,47.5602086],[-2.8584247,47.560583],[-2.8577451,47.5608076],[-2.8574205,47.5610728],[-2.8575996,47.5614388],[-2.8582506,47.5618973],[-2.8582696,47.5623845],[-2.8579607,47.5631146],[-2.8580528,47.5643932],[-2.8588243,47.5647813],[-2.8593349,47.5652588],[-2.85942,47.5658569],[-2.8590932,47.5663601],[-2.8585201,47.5665467],[-2.8570768,47.5661372],[-2.8557829,47.566091],[-2.8550621,47.5659962],[-2.8545419,47.5658074],[-2.8539412,47.5657779],[-2.8533275,47.5662445],[-2.8527332,47.5663219],[-2.8515103,47.5662722],[-2.8499046,47.5658138],[-2.8493648,47.5658314],[-2.8486798,47.5662669],[-2.8479752,47.567579],[-2.8506023,47.5674484],[-2.8510737,47.5675236],[-2.8515808,47.567958],[-2.8523198,47.5680097],[-2.8530701,47.568824],[-2.8529035,47.5689607],[-2.8534759,47.5702719],[-2.853488,47.5706981],[-2.8528119,47.5723379],[-2.8529881,47.5724682],[-2.8535742,47.572505],[-2.8540123,47.5727526],[-2.8539612,47.5729462],[-2.8537768,47.5729429],[-2.8537807,47.5730422],[-2.8543629,47.573158],[-2.8552006,47.5727359],[-2.8556351,47.5728759],[-2.8559096,47.5732693],[-2.8556272,47.574573],[-2.8542968,47.5752447],[-2.8537818,47.57532],[-2.853298,47.5750744],[-2.8528005,47.5751118],[-2.8526553,47.5752101],[-2.8526299,47.5753179],[-2.8528054,47.5753944],[-2.8525236,47.5760726],[-2.852253,47.5761355],[-2.852016,47.5763357],[-2.8518746,47.5766941],[-2.8513982,47.5772129],[-2.8507692,47.5774855],[-2.8504688,47.5778258],[-2.8504328,47.5783634],[-2.851596,47.5793685],[-2.8516208,47.580025],[-2.8514644,47.5806479],[-2.8518467,47.5811959],[-2.8519863,47.5818994],[-2.8517656,47.5825896],[-2.8517827,47.5832699],[-2.8510421,47.5841855],[-2.850543,47.5852621],[-2.8505288,47.5860347],[-2.8496402,47.5870176],[-2.8495148,47.587423],[-2.8486146,47.588078],[-2.8474326,47.5887199],[-2.8474931,47.5891327],[-2.8470384,47.5895321],[-2.84645,47.5898153],[-2.8454608,47.5899757],[-2.8442594,47.5899974],[-2.8406838,47.5893356],[-2.8378851,47.5881393],[-2.8378035,47.5875501],[-2.8373964,47.5873233],[-2.8364091,47.5880444],[-2.8350976,47.5880931],[-2.8354195,47.5883718],[-2.8353389,47.5886388],[-2.8346895,47.5891332],[-2.8347194,47.5894164],[-2.834563,47.5895898],[-2.8339285,47.5898198],[-2.8321761,47.5899568],[-2.8314788,47.5898627],[-2.8300197,47.5894358],[-2.8298159,47.5895805],[-2.8288395,47.5890885],[-2.8282387,47.5893852],[-2.8278417,47.5893128],[-2.8267795,47.5885981],[-2.8270387,47.5881149],[-2.8274921,47.5876517],[-2.8278535,47.5876203],[-2.8284751,47.5872428],[-2.8296112,47.5871802],[-2.8298183,47.5870776],[-2.8299018,47.5867965],[-2.8292986,47.5863839],[-2.8288301,47.5863062],[-2.8284813,47.5859826],[-2.8279291,47.5865738],[-2.827947,47.5869653],[-2.8281883,47.5871484],[-2.8281777,47.5873198],[-2.8277504,47.5875596],[-2.827377,47.5875837],[-2.8270031,47.5868636],[-2.8268788,47.5860928],[-2.8268824,47.5868392],[-2.8270931,47.5874983],[-2.8273433,47.587667],[-2.8266406,47.5885151],[-2.8258524,47.5880462],[-2.8250884,47.5877716],[-2.8248743,47.5878305],[-2.824823,47.587987],[-2.8237745,47.5883193],[-2.8235942,47.5884899],[-2.8241376,47.5899315],[-2.8240174,47.5909792],[-2.8245153,47.5913207],[-2.8247727,47.5913612],[-2.8253307,47.5908634],[-2.8259138,47.5909198],[-2.8262928,47.5910488],[-2.8266095,47.5914712],[-2.8274289,47.5914348],[-2.827794,47.5914828],[-2.8280686,47.591668],[-2.8284119,47.5916449],[-2.8289528,47.5918243],[-2.8298796,47.5924205],[-2.8304461,47.5924437],[-2.8317078,47.5928257],[-2.8319224,47.5930052],[-2.8316563,47.5932425],[-2.8318881,47.5933698],[-2.8326691,47.5934624],[-2.8331756,47.593393],[-2.8335875,47.593503],[-2.8338108,47.5936824],[-2.8343258,47.5930052],[-2.834785,47.5926889],[-2.8353831,47.5920388],[-2.8365231,47.5918847],[-2.8371534,47.5919259],[-2.8385482,47.5923608],[-2.8398007,47.5929642],[-2.8405759,47.5936508],[-2.8402737,47.5944754],[-2.8397388,47.5946578],[-2.8396644,47.594979],[-2.8403081,47.5958472],[-2.8409004,47.595944],[-2.8413081,47.5962642],[-2.8416278,47.5967128],[-2.8417928,47.5973592],[-2.8414924,47.5977065],[-2.8415353,47.5985283],[-2.8411491,47.5989335],[-2.8399475,47.5994717],[-2.8393724,47.6000158],[-2.8392179,47.6006293],[-2.8382309,47.6020645],[-2.8382739,47.6032451],[-2.8377588,47.6039396],[-2.8378017,47.6041885],[-2.8371322,47.6045646],[-2.8370247,47.6048258],[-2.8370676,47.6056707],[-2.8369606,47.6059188],[-2.8366431,47.6060229],[-2.8367031,47.6060808],[-2.8369904,47.6060063],[-2.8374109,47.6064519],[-2.8373939,47.6071],[-2.8375483,47.6073604],[-2.8378572,47.6074993],[-2.8386641,47.6075602],[-2.8389903,47.6073547],[-2.8393335,47.6062841],[-2.8395053,47.6061105],[-2.8397627,47.6061163],[-2.840003,47.605688],[-2.8402519,47.6055202],[-2.8421104,47.6049118],[-2.8424967,47.6046341],[-2.8430117,47.6038702],[-2.8435695,47.6033146],[-2.8447712,47.6013932],[-2.8459299,47.6002357],[-2.8463762,47.5995817],[-2.8473891,47.5987193],[-2.8481014,47.598592],[-2.8493459,47.5986036],[-2.8502901,47.598864],[-2.8502901,47.5989798],[-2.8496893,47.5992113],[-2.8497322,47.5992865],[-2.850333,47.5990782],[-2.8513171,47.6004258],[-2.8517199,47.6005971],[-2.8519209,47.6014511],[-2.8520925,47.6014279],[-2.8520496,47.6011501],[-2.8524358,47.6009881],[-2.853955,47.6016015],[-2.8538349,47.6019604],[-2.8541353,47.6020182],[-2.8545387,47.6018909],[-2.8541526,47.6018504],[-2.8543499,47.6014106],[-2.8554227,47.6003399],[-2.8535516,47.5998884],[-2.8531226,47.5999232],[-2.8520754,47.599055],[-2.8514059,47.5983258],[-2.8510196,47.5976197],[-2.8520819,47.5967561],[-2.8519359,47.5957316],[-2.8520646,47.5954422],[-2.8526483,47.5952396],[-2.8535495,47.5945103],[-2.8541761,47.5943483],[-2.8546396,47.594001],[-2.8550688,47.5921082],[-2.855412,47.5917782],[-2.8558241,47.5910142],[-2.8566996,47.5904237],[-2.8575235,47.5903195],[-2.8570943,47.5896943],[-2.8564678,47.587182],[-2.8569208,47.5850666],[-2.8568492,47.5847038],[-2.8566375,47.5849323],[-2.8562789,47.5848258],[-2.8560472,47.5846405],[-2.8560815,47.5843974],[-2.8565333,47.5840799],[-2.8564128,47.584293],[-2.8565137,47.5843304],[-2.856854,47.58405],[-2.8573518,47.5838764],[-2.8574519,47.5812012],[-2.8573434,47.5802863],[-2.8577577,47.5793468],[-2.8583217,47.5791173],[-2.8589753,47.5770462],[-2.8589242,47.5763189],[-2.8596027,47.5752902],[-2.8595617,47.5739031],[-2.8598063,47.5736563],[-2.8601836,47.5734989],[-2.8600008,47.5721447],[-2.8602025,47.5718317],[-2.8602052,47.5714486],[-2.8607029,47.5707663],[-2.8613335,47.570605],[-2.8620881,47.5696626],[-2.8623747,47.568945]]],[[[-2.8279331,47.5846733],[-2.8278473,47.5844128],[-2.827504,47.5841812],[-2.8269824,47.5844501],[-2.8268431,47.5847312],[-2.8269716,47.5851514],[-2.8266456,47.586219],[-2.8273255,47.5850888],[-2.8278567,47.5850464],[-2.8279331,47.5846733]]],[[[-2.730665,47.5959401],[-2.7303512,47.5956796],[-2.730159,47.5957303],[-2.7299103,47.595649],[-2.7296193,47.5957317],[-2.7303711,47.5962614],[-2.7305431,47.5965628],[-2.730665,47.5959401]]],[[[-2.8240877,47.5994485],[-2.8239508,47.5990182],[-2.8235585,47.5987911],[-2.8230781,47.5988571],[-2.8216645,47.5993328],[-2.8209693,47.5993629],[-2.8208067,47.5995854],[-2.8208503,47.5998273],[-2.8213442,47.5998591],[-2.8223625,47.6001236],[-2.823453,47.6000432],[-2.824031,47.599637],[-2.8240877,47.5994485]]],[[[-2.726128,47.5997357],[-2.7257141,47.5995442],[-2.7252163,47.5991056],[-2.7243448,47.5990551],[-2.7238581,47.5986333],[-2.7236107,47.5985744],[-2.7231115,47.5992145],[-2.7230859,47.5995729],[-2.7226055,47.5997124],[-2.7222828,47.6002229],[-2.722639,47.6005187],[-2.7233351,47.6006322],[-2.7244631,47.6002615],[-2.7252997,47.5998313],[-2.7254088,47.5999298],[-2.726128,47.5997357]]],[[[-2.8167935,47.6001368],[-2.8167891,47.5999377],[-2.8166302,47.5996477],[-2.8161957,47.5999535],[-2.8167935,47.6001368]]],[[[-2.7711481,47.6102914],[-2.7703221,47.6090764],[-2.7701654,47.6084196],[-2.7703395,47.6081222],[-2.7700731,47.6076957],[-2.7701528,47.607397],[-2.769862,47.6068276],[-2.7699074,47.6066832],[-2.7701799,47.606648],[-2.7703313,47.6064302],[-2.7698504,47.6055394],[-2.769105,47.6054605],[-2.7689856,47.6061144],[-2.7686002,47.6063769],[-2.7680846,47.6065038],[-2.7665754,47.6065267],[-2.7660775,47.6064509],[-2.7652815,47.606091],[-2.7647502,47.6060375],[-2.7646703,47.6061626],[-2.7642866,47.6061465],[-2.7639465,47.6060575],[-2.7635882,47.6056194],[-2.7627114,47.605763],[-2.7618683,47.605652],[-2.7618552,47.6061114],[-2.7614157,47.6063891],[-2.7607788,47.6064419],[-2.7596604,47.6063607],[-2.7580626,47.605823],[-2.7567366,47.6050957],[-2.7556625,47.6042341],[-2.7549089,47.6033656],[-2.7546239,47.6027557],[-2.7535695,47.6022837],[-2.753247,47.6022936],[-2.7533657,47.6024465],[-2.7531113,47.6029464],[-2.7525662,47.6033493],[-2.7523737,47.6037147],[-2.7524746,47.604456],[-2.7537524,47.605355],[-2.7537736,47.6060232],[-2.7540267,47.6065216],[-2.7564014,47.6076639],[-2.7568083,47.6077623],[-2.7572406,47.6076291],[-2.7574992,47.607365],[-2.7581162,47.6073059],[-2.7590791,47.6069893],[-2.7595895,47.607117],[-2.7599157,47.6073927],[-2.7605778,47.6073166],[-2.7613366,47.6073832],[-2.763821,47.6089717],[-2.7651569,47.6100933],[-2.7657355,47.609544],[-2.7669029,47.6090285],[-2.7671838,47.6090063],[-2.7679182,47.6093959],[-2.7685154,47.6101863],[-2.7679767,47.6118445],[-2.7676273,47.6122721],[-2.7681645,47.612509],[-2.7686548,47.6125714],[-2.7686851,47.6125089],[-2.7682969,47.6121985],[-2.7682668,47.6119976],[-2.7683235,47.6113464],[-2.7686193,47.610737],[-2.7691415,47.6105989],[-2.7696208,47.6106763],[-2.7701221,47.6105851],[-2.7709004,47.6106355],[-2.7711154,47.610516],[-2.7711481,47.6102914]]],[[[-2.8058934,47.608476],[-2.8055872,47.6079114],[-2.8055605,47.607571],[-2.8048448,47.6073843],[-2.8037903,47.607781],[-2.8035126,47.6080128],[-2.8027519,47.6081772],[-2.8012922,47.607892],[-2.8007147,47.6079301],[-2.800337,47.6080966],[-2.8010498,47.6094689],[-2.8013818,47.60956],[-2.8017155,47.6094874],[-2.8023239,47.6090012],[-2.802846,47.6087463],[-2.8035529,47.6086975],[-2.8041384,47.60883],[-2.8051567,47.6085845],[-2.8055898,47.6087773],[-2.805827,47.6086882],[-2.8058934,47.608476]]],[[[-2.8523862,47.6115403],[-2.8519639,47.6109635],[-2.8516959,47.6108209],[-2.851391,47.6108007],[-2.8509885,47.6104964],[-2.8498584,47.610184],[-2.8493654,47.6103219],[-2.8483386,47.6097938],[-2.8471559,47.6096291],[-2.846811,47.6096783],[-2.8468461,47.6098409],[-2.8466193,47.6100148],[-2.8465646,47.6103115],[-2.8455456,47.6111035],[-2.8459818,47.6115665],[-2.8470013,47.611827],[-2.8478123,47.6118438],[-2.8484678,47.6124874],[-2.8493977,47.6126455],[-2.8499847,47.6132408],[-2.8503063,47.6133593],[-2.8511234,47.6133604],[-2.8520757,47.6126773],[-2.8522455,47.6122576],[-2.8521938,47.6117603],[-2.8523862,47.6115403]]],[[[-2.8327503,47.6060179],[-2.8316345,47.6063883],[-2.8309994,47.6068396],[-2.8309393,47.6071116],[-2.8310595,47.6073257],[-2.8314886,47.6074472],[-2.8317547,47.6073257],[-2.8320551,47.6068512],[-2.8327332,47.6062146],[-2.8327503,47.6060179]]],[[[-2.8083117,47.6079461],[-2.808237,47.6078229],[-2.808017,47.6079962],[-2.8081807,47.6080455],[-2.8083117,47.6079461]]],[[[-2.8090172,47.6094387],[-2.808758,47.6092833],[-2.8079166,47.609454],[-2.8079881,47.609832],[-2.8084103,47.6098842],[-2.8090172,47.6094387]]],[[[-2.8182988,47.6106618],[-2.8180017,47.610489],[-2.8173225,47.6107521],[-2.8166286,47.6115248],[-2.8161463,47.6118452],[-2.8162796,47.6119117],[-2.8162986,47.6121597],[-2.8158544,47.6125653],[-2.8159833,47.6129214],[-2.8164135,47.6128136],[-2.8170319,47.6123935],[-2.8174502,47.6116757],[-2.8181092,47.6110519],[-2.8182988,47.6106618]]]]}},{"type":"Feature","properties":{"Label":"OPAH RU CENTRE VILLE QUIMPER 2021","Type":"OPAH-RU","Date_debut":"2016-10-03","Date_fin":"2022-12-31","Maitre_ouvrage":"VICE PRÉSIDENT DE QUIMPER COMMUNAUTÉ DÉLÉGUÉ À L'HABITAT"},"geometry":{"type":"MultiPolygon","coordinates":[[[[-4.1042381,47.9943125],[-4.1039499,47.9937257],[-4.1038274,47.9933073],[-4.1022272,47.9934673],[-4.0997933,47.993377],[-4.0995664,47.9931226],[-4.0991372,47.9933483],[-4.0987695,47.9933196],[-4.0984016,47.9933237],[-4.0977885,47.9932827],[-4.0965746,47.9932416],[-4.0959493,47.9931923],[-4.0953361,47.9931349],[-4.0946495,47.9929872],[-4.0944963,47.9928888],[-4.0938157,47.9928519],[-4.0925344,47.9926016],[-4.092369,47.9924211],[-4.0921666,47.9925113],[-4.0918601,47.9924498],[-4.0917865,47.9925524],[-4.0913267,47.9925113],[-4.0915044,47.992261],[-4.0907811,47.9921667],[-4.0905787,47.9920108],[-4.0902047,47.9920108],[-4.0888958,47.9919061],[-4.0870014,47.9915819],[-4.0858763,47.9912823],[-4.0846502,47.9914138],[-4.083988,47.9913972],[-4.0830808,47.9905438],[-4.083228,47.9914629],[-4.0812416,47.99172],[-4.0800156,47.9917856],[-4.0789978,47.991761],[-4.0768154,47.9913097],[-4.0762757,47.9916298],[-4.0773303,47.9920646],[-4.0779799,47.9923656],[-4.0791326,47.9925132],[-4.0819281,47.9924477],[-4.085263,47.9929073],[-4.0912712,47.9938587],[-4.0938706,47.9943677],[-4.095134,47.9948297],[-4.0957101,47.9955354],[-4.092608,47.9959129],[-4.0933682,47.9961181],[-4.0953668,47.9962082],[-4.096777,47.9960852],[-4.0969487,47.9963231],[-4.0963968,47.9964707],[-4.0963601,47.9971272],[-4.0953423,47.9975374],[-4.0937482,47.9979969],[-4.093221,47.9983579],[-4.0918969,47.9987435],[-4.0890276,47.9987928],[-4.0888437,47.9990634],[-4.0883778,47.9991783],[-4.0889173,48.0001301],[-4.0895917,48.000368],[-4.0900698,48.000245],[-4.0908178,48.0000234],[-4.0926938,47.9993424],[-4.0946435,47.9986779],[-4.0975126,47.9977917],[-4.0985303,47.9981034],[-4.0993764,47.9980625],[-4.100063,47.9983824],[-4.1006025,47.9989815],[-4.100958,47.9994327],[-4.1006269,48.0001875],[-4.1013013,48.0003762],[-4.1017794,47.9996214],[-4.1027358,47.9994],[-4.1028094,47.9998348],[-4.1033855,48.0002615],[-4.1043543,48.0003107],[-4.1044524,48.0001466],[-4.1059482,48.0001303],[-4.1058135,47.9997857],[-4.1070027,47.9994492],[-4.1080573,47.9990143],[-4.1098964,48.0012214],[-4.110326,48.0008355],[-4.1106449,48.0005484],[-4.1107796,48.0000644],[-4.1111474,47.9993997],[-4.1114907,47.9987598],[-4.1113315,47.9976685],[-4.1105588,47.9968564],[-4.1110371,47.996602],[-4.1097864,47.9963477],[-4.1103872,47.9958635],[-4.110706,47.9954861],[-4.1096761,47.9950266],[-4.1102155,47.9941896],[-4.1113925,47.9940746],[-4.1115274,47.9934265],[-4.1116869,47.992967],[-4.1124471,47.9923352],[-4.1146909,47.991252],[-4.1150343,47.9916212],[-4.1172536,47.9918509],[-4.1171431,47.9914407],[-4.117597,47.9905627],[-4.118725,47.9898323],[-4.1193258,47.9894467],[-4.1205888,47.9885769],[-4.119988,47.9881913],[-4.1200494,47.9878711],[-4.1202455,47.9876495],[-4.1210793,47.9872392],[-4.1212141,47.9869356],[-4.1212141,47.9865991],[-4.1215452,47.9862381],[-4.121496,47.9849413],[-4.1217168,47.9844572],[-4.1218271,47.9839318],[-4.1217657,47.9837103],[-4.1214593,47.983226],[-4.1214838,47.9828403],[-4.1211405,47.9825121],[-4.1217291,47.9816996],[-4.1206744,47.9815107],[-4.1202699,47.9823561],[-4.1198897,47.9830619],[-4.1199144,47.983702],[-4.1198897,47.9839483],[-4.1201594,47.9840714],[-4.1201963,47.9845966],[-4.120086,47.9848921],[-4.1196813,47.9858934],[-4.119473,47.9868864],[-4.1188969,47.9877399],[-4.1191174,47.9879613],[-4.11886,47.9888477],[-4.1183941,47.9887656],[-4.1178055,47.9889379],[-4.1168369,47.988741],[-4.1154267,47.9884538],[-4.1147034,47.9882978],[-4.1142006,47.9881994],[-4.1138573,47.9880598],[-4.1131215,47.9889215],[-4.112251,47.9885685],[-4.1115397,47.9885194],[-4.1111105,47.9889461],[-4.110191,47.9904807],[-4.1101541,47.9911453],[-4.1082047,47.9923515],[-4.1058873,47.9934183],[-4.1042381,47.9943125]]]]}},{"type":"Feature","properties":{"Label":"OPAH RU DOUARNENEZ","Type":"OPAH-RU","Date_debut":"2022-07-01","Date_fin":"2027-07-01","Maitre_ouvrage":"LE VICE PRÉSIDENT DE DOUARNENEZ CTÉ"},"geometry":{"type":"MultiPolygon","coordinates":[[[[-4.3295024,48.0971016],[-4.3300603,48.0964519],[-4.3306611,48.0964614],[-4.3310188,48.0966048],[-4.3313764,48.0970347],[-4.3316625,48.0970347],[-4.3326782,48.096834],[-4.3329786,48.0969296],[-4.3333076,48.0971875],[-4.3334649,48.0976461],[-4.3337654,48.0977417],[-4.3343519,48.0976652],[-4.3351243,48.0971589],[-4.3353818,48.0966812],[-4.3348669,48.0949328],[-4.3340944,48.0936334],[-4.3337367,48.0929359],[-4.333279,48.092181],[-4.3323348,48.0903369],[-4.3313478,48.0877378],[-4.3315767,48.0868969],[-4.3309186,48.0867058],[-4.3305885,48.0870512],[-4.3304526,48.0869174],[-4.3300378,48.0869509],[-4.328879,48.087916],[-4.3287074,48.088088],[-4.3286716,48.0883556],[-4.3285429,48.0885228],[-4.3281924,48.0887856],[-4.3282639,48.089206],[-4.3288862,48.0890388],[-4.3290436,48.0893302],[-4.3281137,48.0893398],[-4.3275916,48.089335],[-4.3270623,48.0893207],[-4.326297,48.0887808],[-4.325596,48.089206],[-4.3252384,48.0893876],[-4.3249666,48.0886948],[-4.3243443,48.0887904],[-4.3243729,48.0889289],[-4.3242513,48.0889576],[-4.3239509,48.0892108],[-4.3233644,48.0889862],[-4.3232357,48.0891105],[-4.3247663,48.0897125],[-4.3247234,48.0897793],[-4.3253743,48.0901329],[-4.3249881,48.0903861],[-4.3251812,48.0904912],[-4.3254601,48.0902858],[-4.3256032,48.0905724],[-4.325875,48.090582],[-4.3259322,48.0907205],[-4.3258464,48.0915375],[-4.3257748,48.0922159],[-4.3244158,48.0923019],[-4.3231642,48.0922923],[-4.3220054,48.0922207],[-4.3220913,48.0923497],[-4.32222,48.0924452],[-4.3230497,48.0926315],[-4.3231284,48.0928561],[-4.3237077,48.0928561],[-4.3241584,48.0937399],[-4.3246018,48.0944612],[-4.3245875,48.0956364],[-4.3245804,48.0968116],[-4.3249022,48.0971937],[-4.3251025,48.0972845],[-4.3252813,48.0972797],[-4.325596,48.0972654],[-4.326204,48.0970982],[-4.3269192,48.0968068],[-4.3275201,48.0963291],[-4.3281566,48.0967256],[-4.3290078,48.0970934],[-4.3295024,48.0971016]]],[[[-4.3394648,48.0984787],[-4.339894,48.0988895],[-4.3401372,48.0988704],[-4.3406808,48.0986889],[-4.3406736,48.0986125],[-4.3410813,48.098474],[-4.3418252,48.0983115],[-4.3422686,48.0987415],[-4.3435704,48.0981969],[-4.3436205,48.0979963],[-4.3437134,48.0979151],[-4.343506,48.0975186],[-4.3431555,48.0972988],[-4.3432557,48.0972176],[-4.3435632,48.0972081],[-4.3441283,48.0970457],[-4.3439709,48.0968546],[-4.3439495,48.0966157],[-4.3444287,48.0963148],[-4.3443929,48.0961762],[-4.3431055,48.0965202],[-4.3429481,48.0970839],[-4.3419754,48.0975998],[-4.3412887,48.0977431],[-4.3403804,48.0979963],[-4.3402802,48.0978959],[-4.3397795,48.0979963],[-4.3399011,48.098173],[-4.3394648,48.0984787]]]]}},{"type":"Feature","properties":{"Label":"OPAH RU AUDIERNE","Type":"OPAH-RU","Date_debut":"2024-11-04","Date_fin":"2029-11-03","Maitre_ouvrage":"LE PRÉSIDENT DE LA CC CAP SIZUN POINTE DU RAZ"},"geometry":{"type":"MultiPolygon","coordinates":[[[[-4.5387865,48.0289338],[-4.538717,48.0285631],[-4.5386821,48.0282778],[-4.5388699,48.0282706],[-4.5388838,48.0282469],[-4.5388388,48.02794],[-4.5388549,48.0279023],[-4.5388442,48.0278108],[-4.5389059,48.0278054],[-4.5389676,48.0277588],[-4.5389568,48.0276816],[-4.5389246,48.0275417],[-4.5389404,48.027419],[-4.5389565,48.0272772],[-4.5389424,48.0271745],[-4.5388512,48.0269646],[-4.5387144,48.026671],[-4.5386393,48.0265203],[-4.5383711,48.0264898],[-4.5382397,48.0264773],[-4.5378293,48.0264845],[-4.5378347,48.0264522],[-4.5377837,48.0262692],[-4.5379348,48.026209],[-4.5377193,48.0259373],[-4.5376504,48.0259596],[-4.5376183,48.0259255],[-4.5375995,48.0259076],[-4.5375673,48.0258663],[-4.537519,48.0258843],[-4.5374359,48.0257515],[-4.5373147,48.0255266],[-4.537186,48.0255643],[-4.5370948,48.0254513],[-4.5371243,48.0254405],[-4.5369285,48.0252468],[-4.5369499,48.0252252],[-4.5368266,48.0251427],[-4.5366603,48.02501],[-4.5366415,48.0250225],[-4.5365422,48.0249705],[-4.5363002,48.0247941],[-4.5364718,48.0246577],[-4.5364123,48.0246139],[-4.5366644,48.0244399],[-4.5368468,48.0245619],[-4.5369514,48.024517],[-4.5369326,48.0245027],[-4.5374825,48.0242443],[-4.5375844,48.0242461],[-4.5378875,48.024108],[-4.5381477,48.0240452],[-4.5384373,48.0240039],[-4.5386009,48.0240308],[-4.5386251,48.0241797],[-4.5387458,48.0241851],[-4.5387699,48.0239465],[-4.5388853,48.0239698],[-4.5391147,48.0239776],[-4.5391066,48.0240494],[-4.5390637,48.0240745],[-4.539053,48.0241211],[-4.5390289,48.0242091],[-4.5392005,48.0242306],[-4.5392086,48.0240942],[-4.5392944,48.0240135],[-4.5394526,48.0240261],[-4.5393909,48.0242593],[-4.5394634,48.0242683],[-4.5394473,48.0243741],[-4.5391423,48.0247424],[-4.5388637,48.0249354],[-4.5386545,48.0251309],[-4.5386035,48.025104],[-4.5385525,48.0251453],[-4.5388207,48.0253172],[-4.539422,48.0256879],[-4.5398825,48.0259705],[-4.5402499,48.0261984],[-4.5402848,48.0261822],[-4.5406925,48.0264441],[-4.5409258,48.0266002],[-4.5409661,48.0265769],[-4.5411082,48.0266774],[-4.5412879,48.0265518],[-4.5416259,48.0262845],[-4.5416715,48.0262899],[-4.5417225,48.0262522],[-4.5417654,48.0262773],[-4.541996,48.026114],[-4.542106,48.0260441],[-4.5429455,48.0266756],[-4.5429053,48.0267132],[-4.5430391,48.0268012],[-4.5434039,48.0267366],[-4.5433353,48.026523],[-4.5436272,48.0264553],[-4.5436111,48.0263656],[-4.5441208,48.0262221],[-4.5441959,48.0262759],[-4.5443407,48.0263333],[-4.5444694,48.0263549],[-4.5445982,48.0263082],[-4.5445875,48.0264805],[-4.5447913,48.0265056],[-4.5447967,48.0263333],[-4.545081,48.026319],[-4.5452258,48.0262831],[-4.5452956,48.0264159],[-4.545419,48.0263764],[-4.545655,48.0263369],[-4.545714,48.026362],[-4.5459876,48.0262759],[-4.5461163,48.026258],[-4.5462343,48.0261898],[-4.5462987,48.0261217],[-4.5465777,48.0261001],[-4.5465938,48.0261898],[-4.5467279,48.0261647],[-4.5468083,48.0262365],[-4.5469264,48.0261826],[-4.547039,48.0261145],[-4.5471785,48.0262401],[-4.5471195,48.0262759],[-4.5473394,48.0264338],[-4.5473126,48.0264733],[-4.5472482,48.0264984],[-4.5471785,48.0265522],[-4.5474038,48.0266132],[-4.5475111,48.0264912],[-4.5476184,48.0265343],[-4.5476666,48.0265163],[-4.5477578,48.0265486],[-4.5477632,48.0265701],[-4.547849,48.0265701],[-4.5478544,48.0266957],[-4.5478115,48.0267352],[-4.5479027,48.0267567],[-4.5481065,48.026746],[-4.5482567,48.0267531],[-4.5482997,48.0267173],[-4.5484177,48.0266993],[-4.5484069,48.0265594],[-4.5488415,48.0265558],[-4.5490775,48.0265199],[-4.5492492,48.0264804],[-4.5493457,48.0266096],[-4.5494047,48.0265881],[-4.5495925,48.026563],[-4.5497405,48.0265376],[-4.5500409,48.0264443],[-4.5502502,48.026412],[-4.5506042,48.0264012],[-4.5508241,48.0263761],[-4.5508094,48.0262536],[-4.551083,48.0262339],[-4.5510494,48.0260137],[-4.5511997,48.026003],[-4.5512426,48.0259169],[-4.5513928,48.0258989],[-4.5515913,48.0259061],[-4.5516288,48.0258415],[-4.5511085,48.0257375],[-4.5510709,48.0257733],[-4.5508886,48.0257458],[-4.5508296,48.0257368],[-4.5508591,48.025613],[-4.5508403,48.0255987],[-4.5507169,48.0257375],[-4.5506526,48.0257368],[-4.5506767,48.0258337],[-4.5505051,48.0258534],[-4.5504701,48.0257159],[-4.550175,48.0257087],[-4.5500463,48.0257482],[-4.5500302,48.025698],[-4.5498533,48.0257045],[-4.5499418,48.0259629],[-4.549738,48.0260167],[-4.5497168,48.0259384],[-4.5494644,48.0259916],[-4.549569,48.0262481],[-4.5493091,48.0263474],[-4.5491374,48.0260353],[-4.5489872,48.0260998],[-4.5490194,48.0261644],[-4.5487512,48.0262541],[-4.5486953,48.0261389],[-4.5485719,48.0261586],[-4.5484699,48.026207],[-4.5482308,48.02629],[-4.5479255,48.0263254],[-4.5478661,48.0262039],[-4.5477105,48.0262577],[-4.5475227,48.0260245],[-4.5472599,48.0261572],[-4.5471311,48.026046],[-4.5472227,48.0259684],[-4.5470346,48.025863],[-4.5469273,48.025942],[-4.5468468,48.0259097],[-4.5467181,48.0257052],[-4.5466322,48.0257805],[-4.5465786,48.0257482],[-4.546364,48.0257769],[-4.5462782,48.0258128],[-4.5460314,48.0258666],[-4.5457256,48.0259348],[-4.5453233,48.0260568],[-4.545216,48.0260568],[-4.5452107,48.0261967],[-4.5449693,48.0262398],[-4.5449156,48.0261644],[-4.5447064,48.0261716],[-4.5447815,48.0260137],[-4.5446259,48.0259814],[-4.5445669,48.0260819],[-4.5442236,48.0259743],[-4.5441163,48.025802],[-4.5441163,48.0256621],[-4.5439929,48.0255437],[-4.5436067,48.0251957],[-4.5435155,48.0251634],[-4.5430917,48.0244529],[-4.5425553,48.0243525],[-4.5422924,48.0243596],[-4.5420188,48.0243166],[-4.5418257,48.0243058],[-4.5416541,48.0244171],[-4.5413,48.0242951],[-4.5413376,48.0242556],[-4.5409245,48.0240582],[-4.5407957,48.0238706],[-4.5409245,48.0237845],[-4.540726,48.0236015],[-4.5406241,48.0236625],[-4.5404417,48.0235082],[-4.5407314,48.0234185],[-4.5407046,48.0233719],[-4.5408118,48.0233001],[-4.5408655,48.0233539],[-4.5410157,48.0233001],[-4.5411927,48.0231207],[-4.5413376,48.0230023],[-4.5415843,48.0229557],[-4.5418525,48.0229054],[-4.5419144,48.0229339],[-4.542306,48.0228191],[-4.5426922,48.0228263],[-4.5432018,48.0229124],[-4.5433735,48.0228406],[-4.5434593,48.0227079],[-4.5434003,48.0226792],[-4.543563,48.0225035],[-4.5434155,48.022534],[-4.5432921,48.022577],[-4.5431321,48.0226827],[-4.542821,48.0224854],[-4.5427244,48.0223921],[-4.5425742,48.0223096],[-4.5429497,48.0220476],[-4.5430087,48.0219902],[-4.5433628,48.0217606],[-4.5435291,48.0217067],[-4.5434808,48.0216278],[-4.5440923,48.0214412],[-4.543969,48.0212152],[-4.5443337,48.0211219],[-4.5439743,48.021147],[-4.5439314,48.0211039],[-4.5437866,48.0211147],[-4.5438348,48.021147],[-4.5434218,48.0211972],[-4.5430302,48.0211864],[-4.5430034,48.0212331],[-4.5430892,48.0213192],[-4.5422738,48.0218287],[-4.5421933,48.021757],[-4.5419197,48.0218252],[-4.5417374,48.0218252],[-4.5416783,48.0218575],[-4.5411312,48.0218646],[-4.5411463,48.0217069],[-4.5411678,48.0216764],[-4.5411973,48.0215795],[-4.5415818,48.0210321],[-4.5414906,48.0209891],[-4.5418876,48.020842],[-4.5416837,48.0207415],[-4.5410078,48.021269],[-4.540922,48.0212331],[-4.540702,48.0214017],[-4.5405894,48.0213515],[-4.5404553,48.0214627],[-4.539597,48.0210429],[-4.5395379,48.021086],[-4.5390337,48.0207917],[-4.5384382,48.0209747],[-4.5382612,48.0209066],[-4.5380842,48.0207379],[-4.5379501,48.0207415],[-4.537478,48.0205082],[-4.5373224,48.0204006],[-4.5372742,48.0203504],[-4.5365124,48.0199808],[-4.5365214,48.0181891],[-4.5385652,48.0181209],[-4.5395519,48.0179988],[-4.5395572,48.0177692],[-4.5390905,48.0176615],[-4.5391656,48.0175861],[-4.538817,48.0175503],[-4.5388438,48.0173421],[-4.5389596,48.0167737],[-4.5390991,48.0168024],[-4.5391581,48.016666],[-4.5390562,48.0166445],[-4.5391098,48.0165117],[-4.5390347,48.0164974],[-4.5390884,48.0163969],[-4.5396838,48.0165189],[-4.5399091,48.0160955],[-4.5396463,48.0160524],[-4.5399145,48.0157151],[-4.5401022,48.0157545],[-4.5402632,48.0150296],[-4.5406119,48.0149937],[-4.5400057,48.0144375],[-4.5399066,48.0144974],[-4.5397521,48.0145572],[-4.539677,48.0145644],[-4.5396126,48.01455],[-4.5395268,48.0145715],[-4.5394303,48.0146074],[-4.5392586,48.0145859],[-4.5374609,48.0168347],[-4.5378471,48.0171649],[-4.5374824,48.0174807],[-4.5358596,48.0175758],[-4.5356719,48.0176404],[-4.5357227,48.0178756],[-4.5357522,48.01789],[-4.5356744,48.0179241],[-4.5353391,48.0182237],[-4.5352935,48.0183906],[-4.535197,48.0185359],[-4.5350602,48.0189563],[-4.535028,48.0189492],[-4.5349502,48.0192183],[-4.5351675,48.0194928],[-4.5352292,48.0194713],[-4.5354411,48.0196938],[-4.5353767,48.0197244],[-4.5356449,48.0199684],[-4.5355054,48.0200617],[-4.5373293,48.0216477],[-4.5375224,48.0215401],[-4.5386506,48.02254],[-4.5385111,48.0232576],[-4.5356465,48.0247144],[-4.5359148,48.0249727],[-4.5368267,48.0254535],[-4.5372451,48.0260635],[-4.5377188,48.0267792],[-4.5377134,48.0269909],[-4.5377081,48.027059],[-4.5374398,48.0283865],[-4.5372952,48.0286432],[-4.5375742,48.0290396],[-4.5376734,48.029002],[-4.5377646,48.0290199],[-4.5381321,48.0289087],[-4.5381589,48.0288746],[-4.5382206,48.0288549],[-4.5382823,48.0288656],[-4.5383225,48.0289212],[-4.5387865,48.0289338]]]]}},{"type":"Feature","properties":{"Label":"OPAH RU CENTRES VILLES LANNION ET TREGUIER LTC","Type":"OPAH-RU","Date_debut":"2020-01-08","Date_fin":"2025-12-31","Maitre_ouvrage":"LE PRÉSIDENT DE LANNION-TRÉGOR-COMMUNAUTÉ"},"geometry":{"type":"MultiPolygon","coordinates":[[[[-3.4599237,48.7309402],[-3.4605031,48.7302467],[-3.4627132,48.7293267],[-3.4631853,48.7297796],[-3.4640865,48.7298362],[-3.4641938,48.7291285],[-3.4646015,48.729171],[-3.4649877,48.7288313],[-3.46561,48.7293267],[-3.46664,48.7288454],[-3.4670906,48.728619],[-3.4675626,48.7281094],[-3.4671549,48.7280103],[-3.4666829,48.728166],[-3.4662108,48.7282368],[-3.4652667,48.7280953],[-3.4648161,48.7281377],[-3.4633784,48.7283359],[-3.4624343,48.7283359],[-3.4620695,48.7280103],[-3.4616832,48.7274159],[-3.4613614,48.7266091],[-3.4614901,48.7261278],[-3.4621553,48.7263118],[-3.4626059,48.7262127],[-3.4631638,48.7261278],[-3.462799,48.7256748],[-3.4637217,48.7251228],[-3.4635071,48.7245424],[-3.463078,48.7246557],[-3.46031,48.7250237],[-3.4603743,48.7253493],[-3.4601383,48.72651],[-3.4593444,48.7269912],[-3.4591727,48.726241],[-3.4588079,48.7257173],[-3.4585075,48.7257032],[-3.4587006,48.7260287],[-3.4580998,48.7262693],[-3.4579711,48.7264534],[-3.4580998,48.7268072],[-3.4578209,48.7269629],[-3.4576229,48.7270233],[-3.4579903,48.7273358],[-3.458398,48.7278879],[-3.4575933,48.7280789],[-3.4572178,48.7282276],[-3.4568852,48.7284469],[-3.4566492,48.728723],[-3.456381,48.7287442],[-3.4566063,48.7290626],[-3.4564454,48.7291688],[-3.4567243,48.7293882],[-3.4566707,48.7294731],[-3.4567136,48.729643],[-3.4564346,48.729735],[-3.4562201,48.7299048],[-3.4560269,48.7300322],[-3.4547395,48.7303294],[-3.4543961,48.729827],[-3.4537953,48.7291759],[-3.4531087,48.729282],[-3.4524328,48.7294094],[-3.4518963,48.7288008],[-3.4515959,48.7288999],[-3.4511346,48.7291051],[-3.4508127,48.7290131],[-3.4506303,48.7292183],[-3.4506947,48.7295368],[-3.4501583,48.7296005],[-3.4503728,48.730011],[-3.4505552,48.7301737],[-3.451156,48.7299897],[-3.4517354,48.7299048],[-3.4522075,48.7302728],[-3.4526044,48.7302799],[-3.4524971,48.7304214],[-3.4527654,48.7305134],[-3.4520251,48.7314758],[-3.4527332,48.7318509],[-3.4529585,48.732141],[-3.4538597,48.7329477],[-3.4536988,48.7330044],[-3.4538168,48.7332591],[-3.4545356,48.7335139],[-3.4547824,48.7338818],[-3.4550506,48.7342639],[-3.4555978,48.7349574],[-3.4556729,48.7350636],[-3.455984,48.7349503],[-3.4564132,48.7350777],[-3.4564024,48.7354457],[-3.4570569,48.7354935],[-3.4575504,48.7355926],[-3.4578937,48.7358898],[-3.4579903,48.735819],[-3.4584946,48.7357553],[-3.4588272,48.7356563],[-3.4589559,48.7357129],[-3.4595889,48.7350265],[-3.4600181,48.7348099],[-3.4602434,48.7348665],[-3.4604365,48.7350788],[-3.4605974,48.7348806],[-3.4606511,48.7345268],[-3.4606189,48.7341801],[-3.4603399,48.7337838],[-3.4601897,48.7336918],[-3.4609086,48.7336281],[-3.4619171,48.7334725],[-3.4627539,48.7332955],[-3.4630114,48.7332602],[-3.463226,48.7336557],[-3.4642989,48.7333655],[-3.4643096,48.7331674],[-3.4641165,48.7329339],[-3.4647602,48.7329339],[-3.4650606,48.7329551],[-3.4658545,48.7321979],[-3.4647924,48.7319644],[-3.4640736,48.7320635],[-3.4626681,48.7327216],[-3.4599237,48.7309402]]],[[[-3.2295244,48.7914416],[-3.2300812,48.7910105],[-3.2306205,48.7905505],[-3.2309316,48.7900133],[-3.2316504,48.7896881],[-3.2332812,48.7889247],[-3.2345794,48.7885501],[-3.2346867,48.7881754],[-3.2340966,48.788232],[-3.2339571,48.7880058],[-3.2345794,48.7876736],[-3.2340859,48.7871929],[-3.2343648,48.7870657],[-3.2342575,48.7869879],[-3.2345687,48.7868536],[-3.2351802,48.7871576],[-3.2356845,48.7868253],[-3.2360063,48.7866415],[-3.2368646,48.7864153],[-3.2370578,48.7863022],[-3.2370363,48.7861396],[-3.236811,48.7861467],[-3.2353304,48.7849238],[-3.2345687,48.7843582],[-3.234043,48.7835382],[-3.2329915,48.7841179],[-3.2319401,48.7845844],[-3.2318783,48.7843088],[-3.2314598,48.784337],[-3.2315671,48.7847895],[-3.2308697,48.7848884],[-3.2309234,48.7850298],[-3.2301509,48.7851005],[-3.2300453,48.785216],[-3.2294445,48.785414],[-3.2291012,48.7855836],[-3.228436,48.7857533],[-3.2281785,48.7857957],[-3.2278995,48.7854422],[-3.2264833,48.7861491],[-3.2268696,48.7864178],[-3.2271485,48.7868984],[-3.2268052,48.786955],[-3.2265477,48.7867005],[-3.2262902,48.7867146],[-3.2258396,48.7863329],[-3.2256774,48.7864646],[-3.2254199,48.7866272],[-3.2248513,48.7869383],[-3.2243792,48.787221],[-3.224229,48.7872988],[-3.2252869,48.7884185],[-3.2260482,48.7895756],[-3.2273357,48.7904379],[-3.2267564,48.7907913],[-3.2266705,48.7911589],[-3.2263272,48.791385],[-3.2269924,48.7920495],[-3.2278722,48.7918091],[-3.227958,48.7919929],[-3.228945,48.7919646],[-3.228945,48.7917667],[-3.2295244,48.7914416]]]]}},{"type":"Feature","properties":{"Label":"OPAH VALLONS DE HAUTE BRETAGNE COMMUNAUTE","Type":"OPAH","Date_debut":"2023-12-04","Date_fin":"2025-12-31","Maitre_ouvrage":"MONSIEUR LE PRÉSIDENT DE VALLONS DE HAUTE BRETAGNE COMMUNAUTÉ"},"geometry":{"type":"MultiPolygon","coordinates":[[[[-1.749821,47.949433],[-1.749775,47.949639],[-1.749459,47.950527],[-1.749043,47.951456],[-1.748764,47.951967],[-1.748601,47.952202],[-1.748041,47.9529],[-1.747408,47.953549],[-1.747082,47.953959],[-1.746976,47.954149],[-1.7468,47.954583],[-1.746642,47.955178],[-1.746602,47.955441],[-1.746576,47.955924],[-1.746653,47.956433],[-1.746789,47.956967],[-1.746879,47.95756],[-1.746898,47.958065],[-1.746849,47.958546],[-1.746833,47.958971],[-1.746901,47.959476],[-1.747056,47.959983],[-1.747099,47.960442],[-1.747018,47.960645],[-1.746758,47.960976],[-1.746397,47.961321],[-1.745907,47.961754],[-1.745516,47.96217],[-1.745193,47.962594],[-1.744954,47.963048],[-1.744792,47.963502],[-1.744499,47.964108],[-1.744398,47.964535],[-1.744376,47.964757],[-1.744396,47.964977],[-1.744473,47.965185],[-1.744734,47.965607],[-1.744982,47.96593],[-1.745377,47.966318],[-1.74577,47.966626],[-1.74662,47.967476],[-1.746959,47.967832],[-1.747365,47.968338],[-1.747837,47.969018],[-1.74804,47.969466],[-1.748154,47.969824],[-1.748325,47.97028],[-1.748364,47.970654],[-1.748311,47.970978],[-1.748333,47.971374],[-1.748596,47.972239],[-1.748803,47.972813],[-1.749084,47.97337],[-1.749266,47.973639],[-1.749678,47.974132],[-1.749843,47.974485],[-1.749868,47.974608],[-1.749833,47.975331],[-1.749923,47.975701],[-1.750142,47.976122],[-1.750337,47.97637],[-1.75072,47.976716],[-1.7522,47.977947],[-1.752402,47.97818],[-1.752577,47.978436],[-1.7527,47.978687],[-1.75287,47.979105],[-1.753149,47.979495],[-1.753419,47.979799],[-1.753845,47.980437],[-1.754375,47.98118],[-1.754567,47.981479],[-1.75487,47.982002],[-1.754983,47.98216],[-1.75572,47.983071],[-1.755921,47.983336],[-1.756112,47.983679],[-1.756327,47.984011],[-1.756765,47.984533],[-1.756915,47.98467],[-1.757383,47.985196],[-1.75777,47.985758],[-1.757983,47.986117],[-1.758115,47.986392],[-1.758266,47.986804],[-1.758373,47.987287],[-1.758411,47.987656],[-1.75837,47.987814],[-1.757819,47.988296],[-1.757532,47.988617],[-1.757179,47.989164],[-1.756651,47.989891],[-1.75632,47.990321],[-1.756139,47.990527],[-1.75581,47.99081],[-1.755361,47.991246],[-1.75523,47.991457],[-1.755204,47.991817],[-1.755077,47.992146],[-1.754624,47.992643],[-1.754334,47.993161],[-1.754001,47.993405],[-1.753128,47.993937],[-1.752414,47.994265],[-1.752204,47.994348],[-1.751843,47.99454],[-1.751635,47.994715],[-1.751505,47.994912],[-1.751438,47.995169],[-1.751464,47.995587],[-1.751577,47.995885],[-1.751777,47.996171],[-1.751929,47.996322],[-1.752239,47.996572],[-1.75245,47.996683],[-1.752719,47.996777],[-1.753499,47.996983],[-1.753838,47.997043],[-1.754261,47.99709],[-1.755122,47.99716],[-1.755552,47.997179],[-1.756338,47.997167],[-1.758087,47.997217],[-1.759405,47.997273],[-1.759821,47.9973],[-1.761121,47.99732],[-1.761501,47.997369],[-1.761842,47.997449],[-1.762456,47.997693],[-1.76262,47.997733],[-1.763228,47.997819],[-1.763545,47.997892],[-1.764538,47.998245],[-1.76479,47.998414],[-1.764928,47.99868],[-1.764915,47.998851],[-1.764798,47.998981],[-1.764492,47.999091],[-1.763751,47.999241],[-1.763454,47.999324],[-1.7632,47.999458],[-1.76296,47.999635],[-1.762713,47.999871],[-1.762175,48.000482],[-1.762013,48.000801],[-1.761978,48.001016],[-1.762024,48.001332],[-1.76225,48.001584],[-1.762475,48.001722],[-1.762915,48.001934],[-1.76321,48.002009],[-1.76355,48.002035],[-1.764676,48.001986],[-1.765109,48.00202],[-1.766011,48.002182],[-1.766481,48.002295],[-1.766922,48.002373],[-1.767691,48.002433],[-1.767951,48.002415],[-1.768834,48.00225],[-1.769337,48.002214],[-1.76981,48.002232],[-1.770691,48.002286],[-1.773374,48.002504],[-1.773895,48.00254],[-1.774956,48.002648],[-1.775298,48.002667],[-1.776441,48.002663],[-1.776887,48.002915],[-1.777322,48.003037],[-1.778621,48.003149],[-1.778942,48.003232],[-1.779494,48.003473],[-1.780019,48.003799],[-1.780221,48.003895],[-1.780527,48.003899],[-1.780858,48.003793],[-1.781131,48.00353],[-1.781258,48.003461],[-1.781737,48.003428],[-1.78229,48.003332],[-1.783082,48.003086],[-1.783362,48.003036],[-1.784326,48.003346],[-1.78471,48.003609],[-1.784909,48.003935],[-1.78505,48.004341],[-1.785104,48.004654],[-1.785212,48.005018],[-1.78541,48.005833],[-1.785439,48.006541],[-1.785424,48.006777],[-1.785252,48.007547],[-1.785163,48.007736],[-1.784995,48.007915],[-1.784641,48.008076],[-1.784272,48.008451],[-1.784062,48.008689],[-1.783983,48.008938],[-1.7839,48.009409],[-1.783838,48.009627],[-1.78356,48.010047],[-1.783356,48.010462],[-1.783179,48.011388],[-1.783063,48.011766],[-1.782802,48.012224],[-1.782427,48.012786],[-1.782083,48.013453],[-1.782008,48.013784],[-1.78205,48.013972],[-1.782411,48.01474],[-1.782463,48.014987],[-1.782388,48.015262],[-1.782365,48.015488],[-1.782251,48.015857],[-1.782037,48.016217],[-1.781713,48.01658],[-1.781489,48.016712],[-1.78055,48.017204],[-1.78011,48.01739],[-1.779727,48.017602],[-1.77935,48.017862],[-1.779059,48.018132],[-1.778843,48.018408],[-1.777913,48.019327],[-1.777466,48.019781],[-1.77676,48.020357],[-1.776094,48.020825],[-1.775543,48.021243],[-1.775301,48.021522],[-1.775095,48.021886],[-1.774981,48.022225],[-1.774686,48.02291],[-1.774692,48.023235],[-1.774557,48.023477],[-1.774268,48.023845],[-1.773887,48.024169],[-1.773708,48.024365],[-1.773534,48.024606],[-1.77343,48.024926],[-1.773417,48.025287],[-1.773482,48.025861],[-1.773497,48.026239],[-1.773781,48.027105],[-1.773851,48.027453],[-1.773951,48.027811],[-1.774145,48.028267],[-1.774244,48.028379],[-1.774653,48.028624],[-1.775536,48.028872],[-1.776282,48.029104],[-1.777047,48.029311],[-1.77754,48.02954],[-1.777742,48.029678],[-1.777842,48.029805],[-1.777915,48.030025],[-1.777921,48.030255],[-1.77776,48.030528],[-1.777522,48.030843],[-1.777144,48.031083],[-1.776707,48.031168],[-1.776706,48.031452],[-1.776745,48.031631],[-1.776922,48.031785],[-1.777249,48.031938],[-1.777662,48.032172],[-1.778066,48.032512],[-1.778142,48.032626],[-1.778217,48.032856],[-1.778398,48.033031],[-1.778743,48.033128],[-1.779745,48.033222],[-1.78001,48.033255],[-1.780801,48.033276],[-1.781328,48.033271],[-1.781907,48.033231],[-1.782365,48.033306],[-1.782747,48.033425],[-1.783148,48.033589],[-1.783626,48.033736],[-1.78411,48.033739],[-1.785137,48.033541],[-1.78577,48.033443],[-1.786054,48.033429],[-1.786648,48.033475],[-1.787467,48.033621],[-1.787997,48.033679],[-1.788848,48.033675],[-1.789285,48.033727],[-1.78975,48.033737],[-1.790207,48.033777],[-1.790471,48.033874],[-1.791247,48.034322],[-1.791879,48.034502],[-1.792174,48.034705],[-1.792444,48.035028],[-1.793028,48.03545],[-1.793349,48.035571],[-1.793579,48.035601],[-1.79395,48.035581],[-1.794449,48.035322],[-1.79463,48.03532],[-1.79528,48.035414],[-1.795495,48.035496],[-1.795678,48.035959],[-1.795881,48.036291],[-1.796143,48.036627],[-1.796315,48.036795],[-1.796517,48.037131],[-1.796629,48.037509],[-1.79679,48.037851],[-1.796841,48.038011],[-1.797086,48.038337],[-1.797215,48.038443],[-1.797562,48.038657],[-1.797821,48.038916],[-1.798021,48.039222],[-1.798198,48.039658],[-1.798196,48.04008],[-1.798268,48.040199],[-1.798536,48.040438],[-1.798613,48.040853],[-1.798577,48.041078],[-1.798404,48.041246],[-1.798107,48.041361],[-1.79788,48.041579],[-1.797783,48.041978],[-1.797784,48.042347],[-1.797917,48.043065],[-1.798024,48.043421],[-1.798163,48.04374],[-1.798247,48.043858],[-1.798702,48.044183],[-1.79894,48.044312],[-1.799999,48.045],[-1.80113,48.045581],[-1.802205,48.046007],[-1.802851,48.046093],[-1.803151,48.046197],[-1.803499,48.046251],[-1.804018,48.046247],[-1.805071,48.04633],[-1.805577,48.046269],[-1.805899,48.04613],[-1.806309,48.045856],[-1.806889,48.045641],[-1.807238,48.045553],[-1.807909,48.045421],[-1.808218,48.045388],[-1.809052,48.045223],[-1.809266,48.045118],[-1.809746,48.044796],[-1.809884,48.044672],[-1.81061,48.044304],[-1.811013,48.044173],[-1.811485,48.043959],[-1.811765,48.043889],[-1.812095,48.043882],[-1.812383,48.04399],[-1.812612,48.04414],[-1.812919,48.044449],[-1.813308,48.044815],[-1.813532,48.045133],[-1.813733,48.045656],[-1.813849,48.046118],[-1.813976,48.0463],[-1.814564,48.046502],[-1.815069,48.04649],[-1.815422,48.046474],[-1.81571,48.046536],[-1.816028,48.04665],[-1.816135,48.046723],[-1.816335,48.046993],[-1.816386,48.047121],[-1.816522,48.047245],[-1.816834,48.047315],[-1.817064,48.047307],[-1.817713,48.047223],[-1.818994,48.047115],[-1.819709,48.047036],[-1.820451,48.047011],[-1.820796,48.047091],[-1.821183,48.04729],[-1.821426,48.04695],[-1.820657,48.046572],[-1.820213,48.046047],[-1.819793,48.044982],[-1.819334,48.04],[-1.822793,48.039607],[-1.822758,48.039158],[-1.822501,48.038447],[-1.826147,48.037866],[-1.826136,48.037733],[-1.825149,48.035426],[-1.8251,48.034797],[-1.825381,48.034112],[-1.825511,48.033207],[-1.825985,48.031569],[-1.826003,48.030938],[-1.825879,48.030222],[-1.825967,48.029633],[-1.826453,48.029377],[-1.826124,48.02895],[-1.825966,48.028811],[-1.825805,48.028281],[-1.825867,48.028198],[-1.826059,48.028135],[-1.826157,48.028025],[-1.82689,48.026869],[-1.827781,48.025414],[-1.82919,48.022856],[-1.829637,48.021714],[-1.829901,48.021659],[-1.83045,48.02182],[-1.832803,48.022407],[-1.83301,48.02237],[-1.833167,48.022239],[-1.833495,48.021622],[-1.833691,48.020984],[-1.833934,48.020365],[-1.834317,48.019619],[-1.834647,48.019551],[-1.835649,48.019488],[-1.836021,48.019432],[-1.836178,48.019553],[-1.836686,48.019429],[-1.837149,48.019377],[-1.839138,48.019334],[-1.839911,48.019307],[-1.840075,48.019245],[-1.840334,48.019335],[-1.840897,48.019228],[-1.84512,48.016388],[-1.847367,48.015949],[-1.848227,48.01599],[-1.848616,48.016056],[-1.849026,48.016031],[-1.851196,48.015865],[-1.854359,48.01594],[-1.860815,48.016099],[-1.861094,48.015977],[-1.861399,48.015918],[-1.862508,48.015935],[-1.864023,48.015972],[-1.864249,48.016017],[-1.864319,48.016199],[-1.864155,48.016325],[-1.864374,48.01678],[-1.864435,48.017062],[-1.864252,48.01719],[-1.864053,48.017218],[-1.86388,48.0174],[-1.864559,48.01753],[-1.864756,48.017602],[-1.865545,48.018024],[-1.865998,48.018992],[-1.866186,48.019239],[-1.867049,48.019429],[-1.867623,48.019356],[-1.867998,48.019343],[-1.869069,48.019079],[-1.869861,48.01905],[-1.870278,48.019007],[-1.87054,48.019666],[-1.871043,48.020818],[-1.87165,48.020841],[-1.873967,48.021403],[-1.874237,48.021366],[-1.874662,48.021434],[-1.875122,48.021418],[-1.875345,48.021326],[-1.875453,48.021097],[-1.875602,48.021023],[-1.876766,48.021872],[-1.877355,48.021932],[-1.877917,48.022176],[-1.878361,48.02235],[-1.878589,48.022331],[-1.878991,48.021997],[-1.879176,48.022003],[-1.879471,48.022161],[-1.879991,48.021081],[-1.881108,48.021086],[-1.881577,48.021069],[-1.882205,48.021018],[-1.883028,48.02098],[-1.883837,48.02096],[-1.884472,48.020964],[-1.885962,48.021041],[-1.886448,48.02105],[-1.886621,48.021743],[-1.887059,48.022177],[-1.887797,48.023007],[-1.88845,48.023613],[-1.888933,48.023775],[-1.889862,48.023652],[-1.889936,48.02374],[-1.890145,48.023822],[-1.891885,48.023759],[-1.892902,48.023902],[-1.894175,48.023857],[-1.894922,48.023964],[-1.895208,48.02418],[-1.895374,48.024376],[-1.895969,48.024709],[-1.89686,48.024689],[-1.898664,48.024595],[-1.89926,48.024483],[-1.900263,48.024447],[-1.900918,48.024243],[-1.901759,48.023853],[-1.902291,48.023788],[-1.902695,48.023819],[-1.904356,48.023668],[-1.905179,48.023819],[-1.90631,48.023688],[-1.906411,48.023755],[-1.906061,48.023922],[-1.905836,48.024089],[-1.905565,48.024229],[-1.90597,48.02437],[-1.906218,48.024088],[-1.906687,48.023929],[-1.907151,48.023893],[-1.907462,48.024187],[-1.908188,48.02381],[-1.909083,48.023482],[-1.909554,48.023323],[-1.91056,48.023076],[-1.911,48.02306],[-1.911457,48.023001],[-1.911792,48.022989],[-1.91216,48.022877],[-1.912603,48.02265],[-1.913055,48.022395],[-1.913994,48.02226],[-1.914591,48.022188],[-1.914572,48.022511],[-1.914629,48.023065],[-1.915105,48.022873],[-1.915502,48.022813],[-1.915855,48.023026],[-1.916832,48.023485],[-1.917572,48.023504],[-1.919055,48.023555],[-1.919173,48.02347],[-1.919433,48.023487],[-1.919783,48.023565],[-1.92144,48.023184],[-1.922115,48.023249],[-1.922955,48.023668],[-1.923089,48.023664],[-1.923283,48.023566],[-1.923483,48.023559],[-1.924054,48.023832],[-1.924328,48.023546],[-1.924717,48.023179],[-1.925113,48.022884],[-1.925782,48.022592],[-1.926178,48.02231],[-1.927377,48.022742],[-1.927783,48.022772],[-1.92791,48.022677],[-1.928156,48.021588],[-1.928444,48.020992],[-1.928811,48.020089],[-1.928902,48.01994],[-1.929119,48.019298],[-1.929154,48.019153],[-1.929094,48.019014],[-1.9289,48.018855],[-1.92985,48.016798],[-1.929897,48.015716],[-1.930435,48.014972],[-1.931764,48.015162],[-1.932774,48.015256],[-1.93338,48.015244],[-1.933916,48.015269],[-1.934149,48.015299],[-1.934505,48.01539],[-1.935028,48.015478],[-1.935232,48.015487],[-1.935556,48.016008],[-1.935858,48.016592],[-1.936029,48.016866],[-1.936301,48.017212],[-1.93667,48.017202],[-1.93784,48.017322],[-1.939873,48.017549],[-1.940287,48.017569],[-1.940837,48.017536],[-1.941516,48.017516],[-1.942498,48.017527],[-1.942967,48.017514],[-1.943862,48.017409],[-1.944523,48.017308],[-1.94465,48.017387],[-1.946641,48.01695],[-1.947063,48.013843],[-1.94738,48.013814],[-1.947594,48.01383],[-1.947756,48.013912],[-1.948092,48.014154],[-1.948469,48.014195],[-1.948975,48.014185],[-1.949405,48.014103],[-1.950066,48.013882],[-1.950822,48.013707],[-1.951459,48.013577],[-1.952063,48.013476],[-1.953408,48.013338],[-1.954459,48.013175],[-1.955225,48.013035],[-1.955334,48.013075],[-1.958203,48.013059],[-1.958583,48.012775],[-1.958902,48.012583],[-1.959558,48.014045],[-1.95983,48.01408],[-1.961533,48.013567],[-1.962462,48.013443],[-1.962495,48.013847],[-1.962805,48.014777],[-1.963177,48.014743],[-1.963928,48.014623],[-1.96467,48.014491],[-1.965154,48.014464],[-1.967073,48.014515],[-1.96748,48.01449],[-1.968742,48.014318],[-1.969232,48.014307],[-1.970109,48.014324],[-1.970433,48.014303],[-1.970814,48.014224],[-1.972266,48.013792],[-1.972912,48.013657],[-1.974039,48.013466],[-1.973738,48.012623],[-1.972854,48.011665],[-1.972376,48.010737],[-1.971985,48.010076],[-1.971586,48.00928],[-1.970519,48.007743],[-1.970829,48.007417],[-1.971402,48.007036],[-1.971316,48.006814],[-1.970046,48.00605],[-1.970099,48.005867],[-1.970407,48.005541],[-1.970381,48.005227],[-1.970143,48.004785],[-1.970055,48.004518],[-1.96929,48.004186],[-1.969138,48.003966],[-1.968457,48.003856],[-1.965318,48.004017],[-1.964094,48.003837],[-1.963329,48.003505],[-1.962828,48.003118],[-1.962658,48.002674],[-1.962305,48.001936],[-1.962377,48.00187],[-1.963025,48.001086],[-1.96318,48.00094],[-1.96329,48.000738],[-1.963308,48.000457],[-1.963695,48.000049],[-1.963834,47.999705],[-1.964218,47.999269],[-1.964516,47.998807],[-1.965027,47.998395],[-1.965497,47.997983],[-1.965874,47.997463],[-1.965965,47.997038],[-1.966067,47.996753],[-1.966333,47.996405],[-1.966821,47.995712],[-1.967203,47.995248],[-1.966286,47.994525],[-1.966028,47.993956],[-1.965948,47.993541],[-1.965845,47.992753],[-1.965814,47.992264],[-1.965858,47.992025],[-1.965989,47.991588],[-1.965589,47.991558],[-1.965574,47.99147],[-1.96531,47.990806],[-1.964891,47.989647],[-1.964756,47.989141],[-1.964706,47.988605],[-1.964699,47.988167],[-1.964744,47.987802],[-1.964843,47.987247],[-1.964946,47.986875],[-1.965246,47.98658],[-1.965325,47.986333],[-1.965474,47.984552],[-1.965543,47.984049],[-1.965446,47.983462],[-1.965176,47.982339],[-1.96526,47.982197],[-1.965128,47.982178],[-1.965128,47.981993],[-1.965019,47.981328],[-1.964865,47.980902],[-1.964805,47.980521],[-1.96457,47.979639],[-1.964501,47.979595],[-1.964218,47.979574],[-1.963991,47.978714],[-1.963779,47.977525],[-1.963412,47.976925],[-1.963203,47.976613],[-1.963023,47.976273],[-1.96292,47.97587],[-1.962899,47.975387],[-1.962782,47.975334],[-1.962604,47.974186],[-1.962906,47.974048],[-1.963556,47.973411],[-1.963965,47.97317],[-1.964367,47.972902],[-1.9648,47.972761],[-1.96489,47.972695],[-1.9652,47.972613],[-1.965721,47.972608],[-1.966018,47.97264],[-1.966618,47.972787],[-1.966974,47.972788],[-1.967682,47.972479],[-1.967932,47.972457],[-1.968711,47.972259],[-1.969346,47.972067],[-1.969841,47.971978],[-1.970581,47.972049],[-1.971072,47.972172],[-1.971433,47.972215],[-1.971912,47.972197],[-1.972505,47.97226],[-1.972578,47.972078],[-1.972374,47.971667],[-1.97226,47.971551],[-1.972025,47.971142],[-1.971674,47.970702],[-1.971345,47.97036],[-1.971154,47.970086],[-1.971142,47.969931],[-1.971246,47.96966],[-1.971616,47.968817],[-1.972794,47.968365],[-1.973773,47.968033],[-1.975035,47.967577],[-1.976275,47.967096],[-1.977254,47.966765],[-1.978231,47.966418],[-1.978742,47.96626],[-1.979121,47.96602],[-1.979375,47.965813],[-1.979901,47.965316],[-1.980486,47.964787],[-1.981169,47.964186],[-1.981611,47.963846],[-1.982703,47.963164],[-1.985726,47.962421],[-1.988074,47.961614],[-1.988488,47.961493],[-1.98861,47.961416],[-1.988976,47.961318],[-1.989599,47.96112],[-1.992092,47.960272],[-1.992336,47.960183],[-1.992346,47.960137],[-1.993129,47.959929],[-1.994756,47.959371],[-1.995699,47.959074],[-1.996431,47.958807],[-1.997188,47.958597],[-1.998114,47.958393],[-1.99941,47.958077],[-2.001193,47.95773],[-2.004589,47.956942],[-2.009924,47.955709],[-2.012221,47.955208],[-2.012433,47.955156],[-2.015568,47.954428],[-2.016846,47.954135],[-2.019376,47.953381],[-2.023653,47.953205],[-2.025138,47.953053],[-2.026262,47.95293],[-2.030385,47.952556],[-2.030574,47.952492],[-2.03232,47.95185],[-2.034126,47.951177],[-2.034415,47.951037],[-2.039631,47.948376],[-2.041259,47.948061],[-2.041659,47.948045],[-2.042056,47.948418],[-2.042291,47.948379],[-2.042478,47.948412],[-2.043015,47.948554],[-2.043669,47.948705],[-2.045961,47.94912],[-2.046881,47.949216],[-2.047495,47.949238],[-2.049084,47.94955],[-2.04904,47.948213],[-2.049114,47.94802],[-2.049297,47.947766],[-2.049747,47.947461],[-2.050829,47.948028],[-2.051193,47.948763],[-2.051443,47.949049],[-2.052035,47.949628],[-2.053447,47.94954],[-2.054859,47.949577],[-2.056347,47.949746],[-2.058192,47.950172],[-2.059344,47.950309],[-2.061014,47.950246],[-2.061801,47.950036],[-2.062695,47.949507],[-2.064618,47.948444],[-2.065464,47.948142],[-2.065922,47.948025],[-2.066478,47.947651],[-2.066675,47.9475],[-2.06693,47.947255],[-2.067769,47.946219],[-2.06847,47.945366],[-2.069398,47.945472],[-2.069483,47.944883],[-2.069609,47.944788],[-2.071271,47.944635],[-2.071328,47.944498],[-2.072433,47.944096],[-2.073161,47.943979],[-2.07357,47.944053],[-2.073992,47.944307],[-2.074293,47.944702],[-2.074335,47.945195],[-2.073905,47.945662],[-2.073876,47.946113],[-2.074607,47.946041],[-2.075126,47.945841],[-2.076033,47.945813],[-2.076237,47.945728],[-2.077443,47.945507],[-2.07769,47.945387],[-2.077989,47.945357],[-2.078708,47.94539],[-2.078923,47.945562],[-2.079236,47.946092],[-2.07951,47.946171],[-2.081192,47.946242],[-2.081742,47.946402],[-2.081985,47.946888],[-2.083247,47.947561],[-2.083729,47.947723],[-2.084799,47.947682],[-2.086005,47.947543],[-2.086216,47.947632],[-2.087165,47.948165],[-2.087164,47.948291],[-2.08724,47.948454],[-2.088748,47.948895],[-2.089408,47.948826],[-2.089908,47.94886],[-2.090307,47.948942],[-2.090351,47.94901],[-2.09034,47.949203],[-2.09048,47.949303],[-2.091168,47.949312],[-2.091401,47.949526],[-2.092573,47.950535],[-2.093002,47.950866],[-2.093955,47.951559],[-2.094304,47.951837],[-2.094463,47.952024],[-2.094555,47.952203],[-2.094584,47.952405],[-2.094559,47.952607],[-2.09445,47.952855],[-2.094668,47.952852],[-2.095104,47.952743],[-2.095432,47.952711],[-2.096294,47.952782],[-2.09646,47.952815],[-2.096652,47.952919],[-2.096978,47.95321],[-2.09723,47.95333],[-2.098118,47.953674],[-2.098418,47.953728],[-2.100122,47.95392],[-2.100587,47.953921],[-2.100803,47.953883],[-2.101885,47.953641],[-2.10257,47.953561],[-2.102974,47.953483],[-2.103152,47.953475],[-2.103463,47.95352],[-2.103998,47.953515],[-2.104366,47.953532],[-2.104626,47.953569],[-2.104606,47.953486],[-2.104369,47.953092],[-2.104312,47.952732],[-2.104535,47.952086],[-2.104597,47.951852],[-2.104541,47.951658],[-2.104561,47.951191],[-2.104538,47.950972],[-2.104483,47.950846],[-2.104339,47.950727],[-2.104156,47.950652],[-2.103962,47.950625],[-2.103687,47.950669],[-2.103481,47.950662],[-2.103334,47.950613],[-2.103192,47.95046],[-2.10321,47.95024],[-2.102931,47.950121],[-2.102788,47.949991],[-2.10291,47.949761],[-2.102885,47.949549],[-2.10271,47.949264],[-2.102829,47.949102],[-2.103,47.949105],[-2.103074,47.949039],[-2.103007,47.948808],[-2.102855,47.948648],[-2.102665,47.948532],[-2.102565,47.948302],[-2.102349,47.948145],[-2.102157,47.94808],[-2.101868,47.948118],[-2.101592,47.948246],[-2.101209,47.948266],[-2.100953,47.948402],[-2.100639,47.948438],[-2.100213,47.948365],[-2.100018,47.948408],[-2.099868,47.948379],[-2.099847,47.948264],[-2.099664,47.948184],[-2.099655,47.947938],[-2.099591,47.947764],[-2.099571,47.947467],[-2.0996,47.947324],[-2.09988,47.947072],[-2.099943,47.946981],[-2.099913,47.946449],[-2.099871,47.946101],[-2.099969,47.945955],[-2.099941,47.94583],[-2.099658,47.945641],[-2.099731,47.945525],[-2.099687,47.945244],[-2.099846,47.94514],[-2.099834,47.944986],[-2.100131,47.944792],[-2.100098,47.944399],[-2.099971,47.944136],[-2.099802,47.944128],[-2.099472,47.944183],[-2.099217,47.944122],[-2.099252,47.943826],[-2.099159,47.943688],[-2.098981,47.943568],[-2.098665,47.943552],[-2.098148,47.943629],[-2.097894,47.943596],[-2.097753,47.943404],[-2.097809,47.943092],[-2.097949,47.942763],[-2.098202,47.94248],[-2.098288,47.9423],[-2.098279,47.942165],[-2.098092,47.941975],[-2.097734,47.941824],[-2.097725,47.941647],[-2.097931,47.941458],[-2.098012,47.941232],[-2.098118,47.941106],[-2.098599,47.940915],[-2.09884,47.940864],[-2.099099,47.940767],[-2.099421,47.940596],[-2.100007,47.940337],[-2.100224,47.94027],[-2.100505,47.940235],[-2.100628,47.940171],[-2.100739,47.940029],[-2.100963,47.939928],[-2.101099,47.939819],[-2.101479,47.939318],[-2.101478,47.939161],[-2.101302,47.938868],[-2.101095,47.938691],[-2.101177,47.938391],[-2.100995,47.938237],[-2.10049,47.938091],[-2.100419,47.937726],[-2.100104,47.937431],[-2.099937,47.937342],[-2.09955,47.937238],[-2.099461,47.937168],[-2.099054,47.936971],[-2.098669,47.93666],[-2.098556,47.936621],[-2.098313,47.936613],[-2.097979,47.936676],[-2.097647,47.936682],[-2.097369,47.93657],[-2.097301,47.936416],[-2.097329,47.936095],[-2.097577,47.935803],[-2.097552,47.935476],[-2.097334,47.935259],[-2.097268,47.93488],[-2.096976,47.934494],[-2.096692,47.934261],[-2.096566,47.934062],[-2.096268,47.933825],[-2.09625,47.9337],[-2.096454,47.933539],[-2.096701,47.93353],[-2.097186,47.933622],[-2.097375,47.933561],[-2.097758,47.933387],[-2.097859,47.933309],[-2.097875,47.933177],[-2.097777,47.933094],[-2.097337,47.933037],[-2.096667,47.93281],[-2.096142,47.932687],[-2.095364,47.932561],[-2.094804,47.932295],[-2.09443,47.932258],[-2.093693,47.932278],[-2.093117,47.932252],[-2.092955,47.932196],[-2.092851,47.931838],[-2.092562,47.931631],[-2.092408,47.9312],[-2.092435,47.931045],[-2.092199,47.93091],[-2.091569,47.930956],[-2.091537,47.930852],[-2.091769,47.930664],[-2.091868,47.930536],[-2.091754,47.930367],[-2.091461,47.930298],[-2.091356,47.93019],[-2.091111,47.930105],[-2.090901,47.930173],[-2.090764,47.930425],[-2.090581,47.930462],[-2.090486,47.930428],[-2.090254,47.930242],[-2.09009,47.930029],[-2.089886,47.929612],[-2.089862,47.929324],[-2.089886,47.929009],[-2.089737,47.928762],[-2.089489,47.928535],[-2.089607,47.928353],[-2.089565,47.928153],[-2.089404,47.927994],[-2.089374,47.927897],[-2.089284,47.927331],[-2.089328,47.927103],[-2.089183,47.926992],[-2.088842,47.926947],[-2.088435,47.926655],[-2.088192,47.92659],[-2.0876,47.926609],[-2.087291,47.926412],[-2.086883,47.926215],[-2.086498,47.92608],[-2.085856,47.925931],[-2.085711,47.925857],[-2.085559,47.925605],[-2.085539,47.925282],[-2.085479,47.925199],[-2.085269,47.925096],[-2.085103,47.924925],[-2.085126,47.924822],[-2.085422,47.924537],[-2.085385,47.924348],[-2.085272,47.924289],[-2.084752,47.924155],[-2.084572,47.924034],[-2.084587,47.923804],[-2.084849,47.92356],[-2.084987,47.923486],[-2.08506,47.923379],[-2.084401,47.923029],[-2.083794,47.922634],[-2.083505,47.922644],[-2.083056,47.923042],[-2.082952,47.923045],[-2.082766,47.922827],[-2.082531,47.922766],[-2.082239,47.922777],[-2.082087,47.922712],[-2.081993,47.922589],[-2.081795,47.922484],[-2.081346,47.922299],[-2.080406,47.92143],[-2.080142,47.921279],[-2.079849,47.921161],[-2.079669,47.921047],[-2.079632,47.9208],[-2.079721,47.920559],[-2.079689,47.920431],[-2.079322,47.920192],[-2.079134,47.919841],[-2.078901,47.919697],[-2.078581,47.919544],[-2.078427,47.919222],[-2.07843,47.919066],[-2.078493,47.918922],[-2.078468,47.91881],[-2.078311,47.91859],[-2.078279,47.918381],[-2.07832,47.918316],[-2.078742,47.918156],[-2.079606,47.917898],[-2.079864,47.917903],[-2.080037,47.91786],[-2.0805,47.917551],[-2.080871,47.917147],[-2.081043,47.917047],[-2.081069,47.916917],[-2.081311,47.91676],[-2.081324,47.916582],[-2.081105,47.916444],[-2.080827,47.916193],[-2.080652,47.915933],[-2.080644,47.915706],[-2.080473,47.915478],[-2.080442,47.915186],[-2.080508,47.914931],[-2.080478,47.914732],[-2.080573,47.914573],[-2.080801,47.914466],[-2.081026,47.914428],[-2.082016,47.91443],[-2.082193,47.91444],[-2.082254,47.914761],[-2.082366,47.914916],[-2.082689,47.914984],[-2.082935,47.914965],[-2.083053,47.914918],[-2.083304,47.914714],[-2.083581,47.914646],[-2.084034,47.914757],[-2.084342,47.914719],[-2.084609,47.914514],[-2.085057,47.914343],[-2.085361,47.914064],[-2.085417,47.913845],[-2.085395,47.913574],[-2.085303,47.913381],[-2.085013,47.913129],[-2.084817,47.912908],[-2.084863,47.912687],[-2.084818,47.912516],[-2.084606,47.912375],[-2.084165,47.912124],[-2.08366,47.911874],[-2.083417,47.911682],[-2.083377,47.911596],[-2.08344,47.911344],[-2.083414,47.911238],[-2.083217,47.911163],[-2.083036,47.911004],[-2.08245,47.910883],[-2.082358,47.910725],[-2.082504,47.910428],[-2.082366,47.910272],[-2.08198,47.910062],[-2.081922,47.910005],[-2.081823,47.909727],[-2.081834,47.90951],[-2.081887,47.909296],[-2.081843,47.909129],[-2.081678,47.909003],[-2.081678,47.908905],[-2.081778,47.908836],[-2.082036,47.908683],[-2.082159,47.908546],[-2.082243,47.908246],[-2.082364,47.908197],[-2.082668,47.908164],[-2.082756,47.908115],[-2.083036,47.907763],[-2.083229,47.907626],[-2.083421,47.907552],[-2.083611,47.907533],[-2.084009,47.90756],[-2.084111,47.90752],[-2.084168,47.907316],[-2.083919,47.907038],[-2.083974,47.906883],[-2.084477,47.90676],[-2.084846,47.906744],[-2.085624,47.906862],[-2.085733,47.906712],[-2.085614,47.906307],[-2.085461,47.906041],[-2.08535,47.905942],[-2.085009,47.905822],[-2.084792,47.905566],[-2.084615,47.905285],[-2.084419,47.905165],[-2.084404,47.905017],[-2.084716,47.904576],[-2.085236,47.904468],[-2.085393,47.904355],[-2.085599,47.904126],[-2.085711,47.90394],[-2.085782,47.903722],[-2.085981,47.903539],[-2.08619,47.903491],[-2.086766,47.903401],[-2.087173,47.903249],[-2.087585,47.903215],[-2.08774,47.903159],[-2.088201,47.902924],[-2.088691,47.902854],[-2.088904,47.902866],[-2.089121,47.902936],[-2.089334,47.902938],[-2.089552,47.902846],[-2.089867,47.902561],[-2.090348,47.902434],[-2.090885,47.902381],[-2.091182,47.902331],[-2.09137,47.902399],[-2.091633,47.902442],[-2.091902,47.902394],[-2.092608,47.902434],[-2.092984,47.902408],[-2.093229,47.9025],[-2.093305,47.902475],[-2.093709,47.902417],[-2.09397,47.90233],[-2.094138,47.902231],[-2.094394,47.901999],[-2.094598,47.901923],[-2.095472,47.901919],[-2.096164,47.902007],[-2.096425,47.901969],[-2.096671,47.901881],[-2.097064,47.901683],[-2.09722,47.901576],[-2.097539,47.901269],[-2.098077,47.901002],[-2.098396,47.900736],[-2.098677,47.900584],[-2.099891,47.900375],[-2.100551,47.900361],[-2.101414,47.900493],[-2.101698,47.900591],[-2.1028,47.901177],[-2.103219,47.901457],[-2.103463,47.90167],[-2.103695,47.901993],[-2.103881,47.902195],[-2.10405,47.902307],[-2.104636,47.902493],[-2.105067,47.902529],[-2.105407,47.902461],[-2.105812,47.902293],[-2.105939,47.902175],[-2.106076,47.901942],[-2.106178,47.901656],[-2.1062,47.901417],[-2.105765,47.900548],[-2.105568,47.900343],[-2.105484,47.900171],[-2.105469,47.899981],[-2.105542,47.899656],[-2.105373,47.899475],[-2.105126,47.898975],[-2.10478,47.898523],[-2.10461,47.898265],[-2.104307,47.898215],[-2.103975,47.898227],[-2.103675,47.898124],[-2.10363,47.898017],[-2.103657,47.897865],[-2.103768,47.897706],[-2.103744,47.897599],[-2.103509,47.897508],[-2.103282,47.897495],[-2.103104,47.897426],[-2.102952,47.897243],[-2.102739,47.897158],[-2.102604,47.897024],[-2.102398,47.896946],[-2.102329,47.896849],[-2.102015,47.896713],[-2.101778,47.896664],[-2.10152,47.896657],[-2.101122,47.896722],[-2.100952,47.896697],[-2.100965,47.896518],[-2.100898,47.896413],[-2.100719,47.896267],[-2.100562,47.896029],[-2.10066,47.89572],[-2.101276,47.895353],[-2.101407,47.895207],[-2.101331,47.895011],[-2.101348,47.894915],[-2.101646,47.894642],[-2.10177,47.894601],[-2.102176,47.894685],[-2.102494,47.894709],[-2.102673,47.894679],[-2.102914,47.894477],[-2.103058,47.894417],[-2.103396,47.894375],[-2.103518,47.894251],[-2.103557,47.894137],[-2.103749,47.894129],[-2.104015,47.894228],[-2.104308,47.89424],[-2.104562,47.894161],[-2.104791,47.894138],[-2.105034,47.894159],[-2.105187,47.894088],[-2.105315,47.893737],[-2.105444,47.893518],[-2.105397,47.893319],[-2.105558,47.893197],[-2.105731,47.893176],[-2.106147,47.893292],[-2.106727,47.893368],[-2.106882,47.893489],[-2.107186,47.893624],[-2.10735,47.893742],[-2.107866,47.893928],[-2.108118,47.894073],[-2.108299,47.894103],[-2.10851,47.894046],[-2.109113,47.894041],[-2.109462,47.894149],[-2.109858,47.894182],[-2.110084,47.894379],[-2.110372,47.894433],[-2.110609,47.89436],[-2.110793,47.894361],[-2.111104,47.894782],[-2.111277,47.894889],[-2.111568,47.894934],[-2.111786,47.894859],[-2.112001,47.894836],[-2.112436,47.894652],[-2.112628,47.894455],[-2.112631,47.89415],[-2.112588,47.894019],[-2.112407,47.893832],[-2.112456,47.893694],[-2.112718,47.893509],[-2.112811,47.893376],[-2.11282,47.893115],[-2.112964,47.892958],[-2.113214,47.892869],[-2.113675,47.892884],[-2.113915,47.892805],[-2.113895,47.892681],[-2.113708,47.892524],[-2.113828,47.892443],[-2.114232,47.892406],[-2.114376,47.892342],[-2.114387,47.892121],[-2.114281,47.89196],[-2.114281,47.891861],[-2.114443,47.891706],[-2.114842,47.891518],[-2.114998,47.891192],[-2.115129,47.890987],[-2.11543,47.890672],[-2.115717,47.890146],[-2.1156,47.889954],[-2.115479,47.889941],[-2.115263,47.88982],[-2.115009,47.889768],[-2.114948,47.889697],[-2.115178,47.889467],[-2.115158,47.88941],[-2.114959,47.889355],[-2.114659,47.889205],[-2.114356,47.889203],[-2.11388,47.889309],[-2.113751,47.889279],[-2.113669,47.889081],[-2.113928,47.888784],[-2.114192,47.88871],[-2.114451,47.888726],[-2.114599,47.888658],[-2.114753,47.888415],[-2.114704,47.88829],[-2.1145,47.887971],[-2.114489,47.887732],[-2.113868,47.887773],[-2.113603,47.887731],[-2.113328,47.887756],[-2.113144,47.887672],[-2.11308,47.887534],[-2.113186,47.887389],[-2.113403,47.887286],[-2.113748,47.887168],[-2.113896,47.887063],[-2.113917,47.886943],[-2.113858,47.886801],[-2.113649,47.886461],[-2.113421,47.886161],[-2.11334,47.88584],[-2.113628,47.885743],[-2.113932,47.885371],[-2.114117,47.885184],[-2.11412,47.884958],[-2.113952,47.884494],[-2.113995,47.884059],[-2.11387,47.883851],[-2.113659,47.883742],[-2.113308,47.883439],[-2.113198,47.883268],[-2.113218,47.883062],[-2.113976,47.883109],[-2.114312,47.883072],[-2.114446,47.882984],[-2.114633,47.882704],[-2.114687,47.882473],[-2.11477,47.882358],[-2.114988,47.881868],[-2.115232,47.881579],[-2.115351,47.881403],[-2.115489,47.881109],[-2.116029,47.880843],[-2.116144,47.880729],[-2.116224,47.880547],[-2.116217,47.880152],[-2.116143,47.879944],[-2.11611,47.879726],[-2.115914,47.879334],[-2.115712,47.878991],[-2.115436,47.878684],[-2.115228,47.878563],[-2.114811,47.87793],[-2.114729,47.877654],[-2.114111,47.876973],[-2.113837,47.876812],[-2.113094,47.876589],[-2.112798,47.876436],[-2.11243,47.875984],[-2.11222,47.875635],[-2.11219,47.87551],[-2.112085,47.87536],[-2.111661,47.874918],[-2.111374,47.874689],[-2.110941,47.874554],[-2.110003,47.874209],[-2.109748,47.874039],[-2.109531,47.873777],[-2.1093,47.873699],[-2.108919,47.873644],[-2.108725,47.873539],[-2.108351,47.87316],[-2.108016,47.873035],[-2.107854,47.873034],[-2.107549,47.873095],[-2.107243,47.873041],[-2.107139,47.872963],[-2.107077,47.872807],[-2.10707,47.872631],[-2.107118,47.872293],[-2.10695,47.872086],[-2.106893,47.871621],[-2.10695,47.871461],[-2.107076,47.871349],[-2.10726,47.8711],[-2.107346,47.870933],[-2.107337,47.870692],[-2.10717,47.870392],[-2.106955,47.870289],[-2.106732,47.870122],[-2.106485,47.869771],[-2.106066,47.869391],[-2.105877,47.869156],[-2.105464,47.868886],[-2.105309,47.868678],[-2.105161,47.868359],[-2.104947,47.868248],[-2.10468,47.868271],[-2.104479,47.868437],[-2.104489,47.8686],[-2.104653,47.868843],[-2.104687,47.868992],[-2.104591,47.869128],[-2.104427,47.869181],[-2.104206,47.869195],[-2.103899,47.869147],[-2.103589,47.868981],[-2.103204,47.868826],[-2.102916,47.868623],[-2.102671,47.868389],[-2.102472,47.86834],[-2.101995,47.868299],[-2.101832,47.868189],[-2.101686,47.867926],[-2.10161,47.8677],[-2.101323,47.867472],[-2.100976,47.86735],[-2.100839,47.867205],[-2.100813,47.867036],[-2.100829,47.866725],[-2.100705,47.866689],[-2.10026,47.866726],[-2.099832,47.866668],[-2.099716,47.866575],[-2.099668,47.866458],[-2.099616,47.866013],[-2.099451,47.865868],[-2.099271,47.865815],[-2.09884,47.865734],[-2.098605,47.865627],[-2.098499,47.865506],[-2.098393,47.865291],[-2.098228,47.865166],[-2.097785,47.86502],[-2.097425,47.864773],[-2.097406,47.864627],[-2.097621,47.864167],[-2.097561,47.864001],[-2.097228,47.86382],[-2.097169,47.863712],[-2.097366,47.863363],[-2.097362,47.863309],[-2.097179,47.863051],[-2.096866,47.862736],[-2.09643,47.862477],[-2.096141,47.862346],[-2.095921,47.862117],[-2.095697,47.8617],[-2.096427,47.861426],[-2.096599,47.861396],[-2.097301,47.861102],[-2.097643,47.860977],[-2.098196,47.860688],[-2.098424,47.860535],[-2.099383,47.860294],[-2.09979,47.859959],[-2.100057,47.859824],[-2.100253,47.859641],[-2.100234,47.859417],[-2.100613,47.859223],[-2.100921,47.859191],[-2.101184,47.859231],[-2.101392,47.859423],[-2.101608,47.859446],[-2.101608,47.859294],[-2.101827,47.859275],[-2.102063,47.859483],[-2.102833,47.859511],[-2.102902,47.859458],[-2.103345,47.859409],[-2.103737,47.859422],[-2.103938,47.859477],[-2.104105,47.859472],[-2.104865,47.859224],[-2.105126,47.858821],[-2.105355,47.858656],[-2.105615,47.858542],[-2.105612,47.858454],[-2.105426,47.858256],[-2.105296,47.857887],[-2.105711,47.857717],[-2.105213,47.857318],[-2.105139,47.857165],[-2.105451,47.856837],[-2.105263,47.856757],[-2.105135,47.856636],[-2.104989,47.856583],[-2.104909,47.856261],[-2.104543,47.85591],[-2.104579,47.855885],[-2.104453,47.855662],[-2.104297,47.855098],[-2.104747,47.85483],[-2.104665,47.854795],[-2.104498,47.854551],[-2.104327,47.854208],[-2.104335,47.8541],[-2.104238,47.853719],[-2.104342,47.853097],[-2.104621,47.85245],[-2.105051,47.851838],[-2.105322,47.851484],[-2.105636,47.851358],[-2.106398,47.851213],[-2.10666,47.851187],[-2.106952,47.851213],[-2.107342,47.851145],[-2.108016,47.850951],[-2.108897,47.850738],[-2.109138,47.850666],[-2.109288,47.850488],[-2.109203,47.850204],[-2.109201,47.850057],[-2.109256,47.849828],[-2.1096,47.849074],[-2.109625,47.848962],[-2.109525,47.848859],[-2.108893,47.84865],[-2.108421,47.848356],[-2.108121,47.848053],[-2.108146,47.847864],[-2.105518,47.846392],[-2.105082,47.846137],[-2.10343,47.845019],[-2.102752,47.844579],[-2.102247,47.844302],[-2.102131,47.844181],[-2.102128,47.843956],[-2.101646,47.843926],[-2.099887,47.843772],[-2.099329,47.843752],[-2.098971,47.843775],[-2.097856,47.843922],[-2.097834,47.843819],[-2.097552,47.843849],[-2.09709,47.843864],[-2.096869,47.843849],[-2.096058,47.843633],[-2.095815,47.843727],[-2.095812,47.843792],[-2.095278,47.844071],[-2.095056,47.844084],[-2.094676,47.844048],[-2.094389,47.843989],[-2.094165,47.844034],[-2.093696,47.844081],[-2.093301,47.844083],[-2.092721,47.844026],[-2.092521,47.844034],[-2.092249,47.844311],[-2.092107,47.844343],[-2.091789,47.844156],[-2.091713,47.844178],[-2.091352,47.843596],[-2.091201,47.843392],[-2.090063,47.84383],[-2.08922,47.844205],[-2.086873,47.845201],[-2.086462,47.8454],[-2.085573,47.845902],[-2.085155,47.846147],[-2.084163,47.846709],[-2.084016,47.846809],[-2.083587,47.846862],[-2.08338,47.846954],[-2.082374,47.847647],[-2.081796,47.848068],[-2.081342,47.848335],[-2.080665,47.848758],[-2.080003,47.849151],[-2.079508,47.849432],[-2.078367,47.849996],[-2.076621,47.850642],[-2.075943,47.850856],[-2.07476,47.851076],[-2.073738,47.851231],[-2.072929,47.851428],[-2.071833,47.851578],[-2.070973,47.851678],[-2.070678,47.851724],[-2.069753,47.851769],[-2.069241,47.851829],[-2.068775,47.851963],[-2.068446,47.852153],[-2.068076,47.852434],[-2.067795,47.852767],[-2.067551,47.853305],[-2.067466,47.853632],[-2.067007,47.854342],[-2.066865,47.854521],[-2.066507,47.854817],[-2.066211,47.85499],[-2.065538,47.855419],[-2.065277,47.855717],[-2.065105,47.856078],[-2.064976,47.856481],[-2.064861,47.856927],[-2.0646,47.858516],[-2.064557,47.858888],[-2.064565,47.859587],[-2.064543,47.859962],[-2.064421,47.860533],[-2.064363,47.860528],[-2.063168,47.861766],[-2.062981,47.861947],[-2.062896,47.862102],[-2.062302,47.862992],[-2.061976,47.863336],[-2.061495,47.86388],[-2.061,47.864354],[-2.060186,47.865057],[-2.059561,47.865627],[-2.057598,47.867364],[-2.056633,47.868023],[-2.056382,47.868168],[-2.055497,47.868591],[-2.055308,47.868657],[-2.05494,47.868735],[-2.054935,47.868694],[-2.054901,47.868106],[-2.054918,47.867816],[-2.054891,47.867472],[-2.055225,47.866927],[-2.055317,47.866617],[-2.055303,47.866494],[-2.054814,47.866187],[-2.054631,47.866009],[-2.054602,47.865692],[-2.054653,47.865283],[-2.054651,47.865024],[-2.054795,47.864778],[-2.054819,47.864415],[-2.054798,47.86409],[-2.05473,47.863892],[-2.054594,47.86365],[-2.054352,47.863286],[-2.052895,47.862012],[-2.052498,47.861683],[-2.052346,47.861533],[-2.052296,47.861396],[-2.052046,47.860935],[-2.05192,47.860895],[-2.051555,47.860881],[-2.051447,47.860751],[-2.051492,47.859701],[-2.051522,47.859395],[-2.051607,47.858957],[-2.051566,47.858655],[-2.051631,47.858544],[-2.051586,47.858471],[-2.051196,47.858485],[-2.051074,47.858368],[-2.051188,47.858145],[-2.051209,47.857768],[-2.051176,47.857618],[-2.050944,47.857314],[-2.050855,47.85712],[-2.050864,47.856883],[-2.050912,47.856773],[-2.051233,47.856487],[-2.051381,47.856485],[-2.051548,47.856351],[-2.051748,47.856273],[-2.052052,47.856256],[-2.052103,47.856124],[-2.051836,47.855901],[-2.051806,47.855726],[-2.05206,47.85569],[-2.052063,47.855396],[-2.052121,47.855301],[-2.052379,47.855282],[-2.052487,47.855351],[-2.052644,47.85531],[-2.052697,47.855202],[-2.05297,47.855103],[-2.05314,47.855002],[-2.053251,47.854771],[-2.053233,47.85464],[-2.053464,47.854579],[-2.053554,47.85448],[-2.05377,47.854478],[-2.053844,47.854415],[-2.053754,47.854271],[-2.054041,47.854172],[-2.054129,47.854044],[-2.054097,47.853876],[-2.05394,47.853681],[-2.053863,47.853316],[-2.053938,47.853231],[-2.054142,47.853145],[-2.054127,47.853023],[-2.054009,47.852899],[-2.053974,47.852696],[-2.054157,47.852551],[-2.0541,47.852392],[-2.054048,47.851898],[-2.054002,47.851725],[-2.054085,47.851558],[-2.054178,47.851186],[-2.054201,47.850985],[-2.054304,47.850687],[-2.054187,47.850532],[-2.054202,47.850465],[-2.054378,47.850296],[-2.05442,47.850195],[-2.054348,47.85],[-2.054089,47.849915],[-2.054199,47.849776],[-2.054051,47.849639],[-2.053492,47.849379],[-2.053129,47.849282],[-2.052978,47.849017],[-2.052884,47.848936],[-2.052347,47.848891],[-2.05228,47.848287],[-2.052119,47.848048],[-2.05211,47.847809],[-2.051928,47.847687],[-2.051894,47.84754],[-2.051617,47.847417],[-2.051359,47.847337],[-2.051199,47.847247],[-2.0512,47.847146],[-2.051421,47.847022],[-2.051486,47.846872],[-2.051524,47.846623],[-2.05136,47.846496],[-2.051314,47.846287],[-2.051199,47.846182],[-2.050798,47.846005],[-2.05069,47.845845],[-2.050743,47.845733],[-2.050943,47.845587],[-2.051077,47.845399],[-2.051085,47.845294],[-2.050965,47.84516],[-2.051009,47.84496],[-2.050857,47.844911],[-2.050663,47.844615],[-2.050684,47.844457],[-2.050493,47.844387],[-2.050479,47.844282],[-2.05031,47.844153],[-2.050302,47.844],[-2.05054,47.8438],[-2.050707,47.843765],[-2.050818,47.843685],[-2.051002,47.843336],[-2.051137,47.843249],[-2.05136,47.842998],[-2.051186,47.842877],[-2.051042,47.842615],[-2.051123,47.842496],[-2.051427,47.842635],[-2.051536,47.842532],[-2.051571,47.842334],[-2.05173,47.842202],[-2.052156,47.842068],[-2.05216,47.841971],[-2.051942,47.841728],[-2.051906,47.841515],[-2.051685,47.84116],[-2.051617,47.840887],[-2.051444,47.840831],[-2.051587,47.840615],[-2.050536,47.840375],[-2.050462,47.839942],[-2.050322,47.839271],[-2.050309,47.838952],[-2.049918,47.838062],[-2.049679,47.837725],[-2.049436,47.837428],[-2.048876,47.837146],[-2.048388,47.836804],[-2.047755,47.836438],[-2.047579,47.836396],[-2.046872,47.836302],[-2.04626,47.836251],[-2.045974,47.836196],[-2.04546,47.836062],[-2.044845,47.835943],[-2.043978,47.835716],[-2.043149,47.835591],[-2.042658,47.835542],[-2.04232,47.835533],[-2.041524,47.835431],[-2.040937,47.835369],[-2.040563,47.835354],[-2.04022,47.834428],[-2.040007,47.834407],[-2.039611,47.834447],[-2.039384,47.83444],[-2.039013,47.834375],[-2.038767,47.83431],[-2.038498,47.834195],[-2.037893,47.834021],[-2.037647,47.834004],[-2.037254,47.833925],[-2.036893,47.83389],[-2.036348,47.833744],[-2.036259,47.833757],[-2.036371,47.833847],[-2.036273,47.833974],[-2.035805,47.834323],[-2.035984,47.834525],[-2.035988,47.834672],[-2.035873,47.83479],[-2.035598,47.834919],[-2.035569,47.835009],[-2.035631,47.835407],[-2.035488,47.835738],[-2.035491,47.835836],[-2.035644,47.836281],[-2.035598,47.836431],[-2.035423,47.836704],[-2.035093,47.836967],[-2.035132,47.837282],[-2.034962,47.837437],[-2.034502,47.837726],[-2.034072,47.837767],[-2.033696,47.837905],[-2.03352,47.837999],[-2.033352,47.838188],[-2.033432,47.838358],[-2.033466,47.838599],[-2.03271,47.838593],[-2.032532,47.838654],[-2.032509,47.838902],[-2.032367,47.839041],[-2.032214,47.839051],[-2.032036,47.838944],[-2.031789,47.838894],[-2.03134,47.839138],[-2.03098,47.839294],[-2.030726,47.839511],[-2.030442,47.839543],[-2.029869,47.839544],[-2.029479,47.839336],[-2.029172,47.839357],[-2.029116,47.839488],[-2.029319,47.839713],[-2.029355,47.839805],[-2.029068,47.840215],[-2.028922,47.840324],[-2.028698,47.840358],[-2.02857,47.840323],[-2.028467,47.84014],[-2.028298,47.840141],[-2.028049,47.840223],[-2.027793,47.840239],[-2.027509,47.84017],[-2.026721,47.840323],[-2.026189,47.840529],[-2.025794,47.840615],[-2.025594,47.840614],[-2.025559,47.840525],[-2.025372,47.840344],[-2.025212,47.84035],[-2.024927,47.840459],[-2.024724,47.840601],[-2.024371,47.840677],[-2.023826,47.840726],[-2.023637,47.840868],[-2.023528,47.841474],[-2.0233,47.842445],[-2.023215,47.84288],[-2.022985,47.843159],[-2.022809,47.843471],[-2.022973,47.843654],[-2.023026,47.843823],[-2.022955,47.843933],[-2.022719,47.84415],[-2.022639,47.844305],[-2.022592,47.844549],[-2.022578,47.845005],[-2.022799,47.845274],[-2.023288,47.8455],[-2.023321,47.845693],[-2.023204,47.845762],[-2.022901,47.845829],[-2.022757,47.845894],[-2.022707,47.846097],[-2.022778,47.846285],[-2.022733,47.846419],[-2.02256,47.846428],[-2.022385,47.846278],[-2.022161,47.84631],[-2.021923,47.846536],[-2.021736,47.846661],[-2.021525,47.846743],[-2.020921,47.846895],[-2.020603,47.84691],[-2.02016,47.846836],[-2.019926,47.846738],[-2.019881,47.846549],[-2.020085,47.846407],[-2.020024,47.846259],[-2.019835,47.846184],[-2.019227,47.846046],[-2.019056,47.846109],[-2.01881,47.846299],[-2.018511,47.846443],[-2.018311,47.846423],[-2.018022,47.846326],[-2.017737,47.846112],[-2.017334,47.846072],[-2.016889,47.846198],[-2.016717,47.84606],[-2.016779,47.845833],[-2.016866,47.845758],[-2.0168,47.845616],[-2.01666,47.845532],[-2.016335,47.845481],[-2.016261,47.845394],[-2.016248,47.845241],[-2.016071,47.845031],[-2.015757,47.844936],[-2.015703,47.844785],[-2.015841,47.844663],[-2.015974,47.844658],[-2.016276,47.844764],[-2.016382,47.84475],[-2.016485,47.844548],[-2.016449,47.844424],[-2.016263,47.844287],[-2.016118,47.844122],[-2.01586,47.844086],[-2.015137,47.843735],[-2.014853,47.843711],[-2.014444,47.843779],[-2.014106,47.843873],[-2.013728,47.843672],[-2.012853,47.843101],[-2.012344,47.843084],[-2.012241,47.842971],[-2.012709,47.842648],[-2.012694,47.842478],[-2.012574,47.842321],[-2.012307,47.842312],[-2.012035,47.842412],[-2.011848,47.842419],[-2.011648,47.842265],[-2.011405,47.84222],[-2.010945,47.842327],[-2.010523,47.842375],[-2.010304,47.84234],[-2.009817,47.842706],[-2.007837,47.844104],[-2.006064,47.845376],[-2.003258,47.847331],[-2.002669,47.847758],[-2.002171,47.848077],[-2.001347,47.848658],[-2.000188,47.849441],[-1.999927,47.849679],[-1.999291,47.85033],[-1.998702,47.85167],[-1.998599,47.851921],[-1.998377,47.852374],[-1.998311,47.852614],[-1.99819,47.852832],[-1.998026,47.853227],[-1.997937,47.85339],[-1.997723,47.853626],[-1.997517,47.85372],[-1.996705,47.853954],[-1.996146,47.854078],[-1.995888,47.854108],[-1.995315,47.853975],[-1.994896,47.853822],[-1.994702,47.85371],[-1.994431,47.853638],[-1.99418,47.853616],[-1.99378,47.853637],[-1.993185,47.853787],[-1.992766,47.853971],[-1.992005,47.854229],[-1.99127,47.854514],[-1.990991,47.854598],[-1.99045,47.854797],[-1.989627,47.85514],[-1.988763,47.855436],[-1.988742,47.855418],[-1.98637,47.856307],[-1.985403,47.855583],[-1.985715,47.855287],[-1.985827,47.854777],[-1.985606,47.853749],[-1.985536,47.853019],[-1.984677,47.852508],[-1.984153,47.852226],[-1.984317,47.851901],[-1.984417,47.851222],[-1.984364,47.850614],[-1.98429,47.850196],[-1.983484,47.8489],[-1.982869,47.848908],[-1.98198,47.84867],[-1.982029,47.848443],[-1.982276,47.848209],[-1.981691,47.8476],[-1.979158,47.846072],[-1.978943,47.8459],[-1.977458,47.84492],[-1.976859,47.844942],[-1.976573,47.844727],[-1.973972,47.840725],[-1.973732,47.840238],[-1.973513,47.840021],[-1.973214,47.839627],[-1.972721,47.83933],[-1.97137,47.839155],[-1.970368,47.839192],[-1.968657,47.839525],[-1.966497,47.840101],[-1.963635,47.841107],[-1.963467,47.841237],[-1.962126,47.841022],[-1.961547,47.841031],[-1.960954,47.841204],[-1.960381,47.841423],[-1.960077,47.841519],[-1.959726,47.841566],[-1.959123,47.841595],[-1.958455,47.841568],[-1.956228,47.841335],[-1.955632,47.841401],[-1.955504,47.841448],[-1.95516,47.842113],[-1.955079,47.842307],[-1.954838,47.84277],[-1.95447,47.843532],[-1.955884,47.843689],[-1.955829,47.843826],[-1.955131,47.844302],[-1.955695,47.844642],[-1.957003,47.844278],[-1.958871,47.84421],[-1.959334,47.844148],[-1.960338,47.844156],[-1.960678,47.844233],[-1.961338,47.844119],[-1.961468,47.844069],[-1.962381,47.844215],[-1.963196,47.844379],[-1.963787,47.844723],[-1.963665,47.845296],[-1.964692,47.845857],[-1.965232,47.84624],[-1.96501,47.846787],[-1.964948,47.847299],[-1.966377,47.847671],[-1.967865,47.847885],[-1.968432,47.84827],[-1.969458,47.849358],[-1.969923,47.850963],[-1.97067,47.851926],[-1.970889,47.852143],[-1.971219,47.853042],[-1.97142,47.85295],[-1.972591,47.852765],[-1.972925,47.852753],[-1.973355,47.853245],[-1.973594,47.853434],[-1.974308,47.853801],[-1.974728,47.854001],[-1.975656,47.854408],[-1.976243,47.854762],[-1.976422,47.854889],[-1.977138,47.855076],[-1.97761,47.855166],[-1.978386,47.855353],[-1.978631,47.855426],[-1.979143,47.855544],[-1.980512,47.855777],[-1.981009,47.855841],[-1.981236,47.855942],[-1.981842,47.856686],[-1.982355,47.856798],[-1.983213,47.857068],[-1.983586,47.857166],[-1.983763,47.8573],[-1.984146,47.857509],[-1.98373,47.858044],[-1.983561,47.858231],[-1.983355,47.858518],[-1.98324,47.858724],[-1.98306,47.858878],[-1.982835,47.859157],[-1.982578,47.859387],[-1.982145,47.860049],[-1.981865,47.860457],[-1.981612,47.86074],[-1.981355,47.861134],[-1.981141,47.861398],[-1.980715,47.861976],[-1.9795,47.861732],[-1.978299,47.861776],[-1.977817,47.861503],[-1.977631,47.861547],[-1.975889,47.861613],[-1.97426,47.861681],[-1.974073,47.861609],[-1.966761,47.861969],[-1.966095,47.862065],[-1.966001,47.862585],[-1.965774,47.862532],[-1.965538,47.862863],[-1.965314,47.862831],[-1.964667,47.862803],[-1.964086,47.862799],[-1.963899,47.862633],[-1.963383,47.862271],[-1.963038,47.862094],[-1.962343,47.861815],[-1.960905,47.861253],[-1.960179,47.86095],[-1.958969,47.860483],[-1.958344,47.860228],[-1.957459,47.859889],[-1.956754,47.859802],[-1.955679,47.859746],[-1.955349,47.859982],[-1.955147,47.860016],[-1.954553,47.860041],[-1.954087,47.860098],[-1.953514,47.86026],[-1.953449,47.859829],[-1.953536,47.859321],[-1.952558,47.859082],[-1.952198,47.85897],[-1.948953,47.859011],[-1.948958,47.859615],[-1.948392,47.859799],[-1.947876,47.859635],[-1.947279,47.859629],[-1.94627,47.859857],[-1.945968,47.859739],[-1.945239,47.859826],[-1.945078,47.859437],[-1.94377,47.85931],[-1.942762,47.859257],[-1.942778,47.860293],[-1.94266,47.860752],[-1.941141,47.860656],[-1.939706,47.860611],[-1.939405,47.860573],[-1.939285,47.860507],[-1.93857,47.860574],[-1.938667,47.860881],[-1.938762,47.861304],[-1.938808,47.861702],[-1.938884,47.861974],[-1.939044,47.862335],[-1.938208,47.862531],[-1.937015,47.862665],[-1.936808,47.862583],[-1.936357,47.861969],[-1.936149,47.861887],[-1.93576,47.862036],[-1.934958,47.862065],[-1.93427,47.86182],[-1.934143,47.861914],[-1.93411,47.862322],[-1.933647,47.862383],[-1.933578,47.863196],[-1.933522,47.863334],[-1.932881,47.863672],[-1.932445,47.863297],[-1.93191,47.863014],[-1.931761,47.862914],[-1.931027,47.862355],[-1.92919,47.86687],[-1.927117,47.867178],[-1.927297,47.868289],[-1.927344,47.868873],[-1.927306,47.869518],[-1.926991,47.869597],[-1.92657,47.869768],[-1.925162,47.869805],[-1.92425,47.870622],[-1.92423,47.870814],[-1.923988,47.871247],[-1.922953,47.871691],[-1.921935,47.871652],[-1.921369,47.871653],[-1.921091,47.871634],[-1.919669,47.87163],[-1.918684,47.871036],[-1.91828,47.871005],[-1.913034,47.871003],[-1.912651,47.870898],[-1.91248,47.870946],[-1.911908,47.870889],[-1.91171,47.870792],[-1.911595,47.870686],[-1.910664,47.870141],[-1.909229,47.869984],[-1.908948,47.869814],[-1.908202,47.869706],[-1.904403,47.869927],[-1.903839,47.869499],[-1.903721,47.869372],[-1.903509,47.868212],[-1.90316,47.866724],[-1.90317,47.866656],[-1.903488,47.866092],[-1.904293,47.864855],[-1.902995,47.863418],[-1.902574,47.862937],[-1.901798,47.862076],[-1.900442,47.861037],[-1.898943,47.85992],[-1.898312,47.859443],[-1.896762,47.85859],[-1.895815,47.858055],[-1.895167,47.857707],[-1.894448,47.857304],[-1.894141,47.857118],[-1.89252,47.856235],[-1.892115,47.856033],[-1.892346,47.855843],[-1.891815,47.855615],[-1.890426,47.854935],[-1.890199,47.854815],[-1.890586,47.854449],[-1.890715,47.854399],[-1.891707,47.853418],[-1.891927,47.852825],[-1.89222,47.851463],[-1.892153,47.850721],[-1.892199,47.850529],[-1.892785,47.849155],[-1.892913,47.848822],[-1.892779,47.848806],[-1.890084,47.848177],[-1.889743,47.848081],[-1.889785,47.847912],[-1.88984,47.846735],[-1.889784,47.846185],[-1.889676,47.845594],[-1.889616,47.845069],[-1.889587,47.844386],[-1.889677,47.843962],[-1.889964,47.843014],[-1.890146,47.842211],[-1.891072,47.842078],[-1.892582,47.841879],[-1.892748,47.841833],[-1.893709,47.841426],[-1.893761,47.841381],[-1.89377,47.841174],[-1.893867,47.840951],[-1.894026,47.839911],[-1.894158,47.839864],[-1.894299,47.839747],[-1.895172,47.839774],[-1.89531,47.839796],[-1.89577,47.839933],[-1.896113,47.839991],[-1.896549,47.840027],[-1.897611,47.840011],[-1.897979,47.840017],[-1.898395,47.839997],[-1.898706,47.83993],[-1.899094,47.83981],[-1.899397,47.839815],[-1.900094,47.839936],[-1.900426,47.839974],[-1.900906,47.839956],[-1.901314,47.839857],[-1.902565,47.839406],[-1.903324,47.839144],[-1.903966,47.838977],[-1.907444,47.838628],[-1.908026,47.838565],[-1.908126,47.838572],[-1.908611,47.838726],[-1.908918,47.838844],[-1.909397,47.838972],[-1.91051,47.839317],[-1.910924,47.839455],[-1.912416,47.839918],[-1.915289,47.838826],[-1.917226,47.839611],[-1.917488,47.839556],[-1.917228,47.834657],[-1.916042,47.834491],[-1.916395,47.834115],[-1.917617,47.83266],[-1.91563,47.832239],[-1.915078,47.832034],[-1.914189,47.831796],[-1.910259,47.830318],[-1.909573,47.830118],[-1.910153,47.828887],[-1.909288,47.828731],[-1.906129,47.82813],[-1.905482,47.828002],[-1.905418,47.827945],[-1.905194,47.827989],[-1.904497,47.828081],[-1.903417,47.828235],[-1.900322,47.828664],[-1.899971,47.828724],[-1.89971,47.82853],[-1.899345,47.828456],[-1.898963,47.828501],[-1.897205,47.828957],[-1.896695,47.82911],[-1.896484,47.829199],[-1.895849,47.829533],[-1.895663,47.82958],[-1.895246,47.829616],[-1.894973,47.829704],[-1.894791,47.828917],[-1.894582,47.82883],[-1.893843,47.828481],[-1.89318,47.828189],[-1.890358,47.826909],[-1.889739,47.826621],[-1.889165,47.826374],[-1.888615,47.826109],[-1.888313,47.826002],[-1.887384,47.825742],[-1.887035,47.825618],[-1.886393,47.825334],[-1.886104,47.825179],[-1.88589,47.82496],[-1.885807,47.824802],[-1.885788,47.824526],[-1.885938,47.824042],[-1.886004,47.823668],[-1.886023,47.823186],[-1.885983,47.82296],[-1.88423,47.82309],[-1.882957,47.823194],[-1.882014,47.823261],[-1.881186,47.822407],[-1.880498,47.822121],[-1.879404,47.821827],[-1.878871,47.821656],[-1.878379,47.820976],[-1.877851,47.820296],[-1.877534,47.819859],[-1.877595,47.819638],[-1.878234,47.819015],[-1.878461,47.818612],[-1.878446,47.817983],[-1.878455,47.817564],[-1.878818,47.817157],[-1.879338,47.816606],[-1.879396,47.816363],[-1.879457,47.815835],[-1.879405,47.815472],[-1.879188,47.815001],[-1.878873,47.814635],[-1.878542,47.814372],[-1.878287,47.814229],[-1.877573,47.81367],[-1.877315,47.813567],[-1.876914,47.813446],[-1.874574,47.812685],[-1.87451,47.812635],[-1.874922,47.811362],[-1.875002,47.811085],[-1.875664,47.809032],[-1.875819,47.808535],[-1.876068,47.8078],[-1.876113,47.807609],[-1.876079,47.8074],[-1.875746,47.806672],[-1.87558,47.806283],[-1.875161,47.80536],[-1.874476,47.8038],[-1.874018,47.802789],[-1.873002,47.800487],[-1.872537,47.799443],[-1.872239,47.798833],[-1.872185,47.798785],[-1.872467,47.79832],[-1.872472,47.793098],[-1.873435,47.793083],[-1.872998,47.79069],[-1.873121,47.790352],[-1.873282,47.78973],[-1.872966,47.789253],[-1.872898,47.789033],[-1.87273,47.788674],[-1.872471,47.788277],[-1.871818,47.787625],[-1.871393,47.787325],[-1.87066,47.786889],[-1.86994,47.785386],[-1.870011,47.785209],[-1.869532,47.784247],[-1.868371,47.78199],[-1.868209,47.781584],[-1.868198,47.781353],[-1.868227,47.780823],[-1.868223,47.780464],[-1.868102,47.780188],[-1.86744,47.779423],[-1.866816,47.778716],[-1.866374,47.77824],[-1.865004,47.776699],[-1.86375,47.77532],[-1.863501,47.775003],[-1.863308,47.774526],[-1.863223,47.774165],[-1.863198,47.773868],[-1.863221,47.77365],[-1.86337,47.772662],[-1.863486,47.772338],[-1.863697,47.771992],[-1.863844,47.771566],[-1.864004,47.771189],[-1.864096,47.770921],[-1.864192,47.770519],[-1.86431,47.770218],[-1.864806,47.769188],[-1.865067,47.768808],[-1.865619,47.768228],[-1.865868,47.768008],[-1.866072,47.76775],[-1.866478,47.7669],[-1.866953,47.766003],[-1.86703,47.765783],[-1.866028,47.765724],[-1.865329,47.765694],[-1.864385,47.7657],[-1.863746,47.76573],[-1.863166,47.765828],[-1.862732,47.765978],[-1.862274,47.766191],[-1.861837,47.766415],[-1.859932,47.767344],[-1.85951,47.767483],[-1.859079,47.76756],[-1.858788,47.767586],[-1.857769,47.767639],[-1.857305,47.767703],[-1.852254,47.768845],[-1.851594,47.768951],[-1.85111,47.768991],[-1.850392,47.768984],[-1.849998,47.768957],[-1.848086,47.768719],[-1.847435,47.768717],[-1.846451,47.768646],[-1.846859,47.76815],[-1.847253,47.767356],[-1.847418,47.766851],[-1.847418,47.766058],[-1.84736,47.765559],[-1.84723,47.765199],[-1.846989,47.764839],[-1.846822,47.764681],[-1.84657,47.764501],[-1.846378,47.764397],[-1.846094,47.764297],[-1.845541,47.76415],[-1.84523,47.764102],[-1.844168,47.763975],[-1.843686,47.763903],[-1.843307,47.763829],[-1.84271,47.763675],[-1.842028,47.763533],[-1.841354,47.76347],[-1.841036,47.763485],[-1.840106,47.763629],[-1.839276,47.763796],[-1.83887,47.763863],[-1.838138,47.764031],[-1.837562,47.764201],[-1.83689,47.764325],[-1.836359,47.764403],[-1.835943,47.764525],[-1.835337,47.76466],[-1.83414,47.764887],[-1.833492,47.764975],[-1.832821,47.765115],[-1.831707,47.765439],[-1.831315,47.765545],[-1.830945,47.765621],[-1.830493,47.765741],[-1.829635,47.766054],[-1.828583,47.766424],[-1.827129,47.76684],[-1.826341,47.767002],[-1.825906,47.767058],[-1.825184,47.767061],[-1.824718,47.767021],[-1.824233,47.766922],[-1.823806,47.766784],[-1.823474,47.766621],[-1.822364,47.765948],[-1.822074,47.76581],[-1.82173,47.765617],[-1.821094,47.765298],[-1.820533,47.765002],[-1.820254,47.76484],[-1.819785,47.764617],[-1.819015,47.764221],[-1.818692,47.763973],[-1.818516,47.763804],[-1.81809,47.763333],[-1.817971,47.763172],[-1.817858,47.762856],[-1.817829,47.762533],[-1.817878,47.762191],[-1.81794,47.762077],[-1.816952,47.761989],[-1.815767,47.762211],[-1.81434,47.762758],[-1.813519,47.763372],[-1.813219,47.763789],[-1.81228,47.764587],[-1.811971,47.764914],[-1.811186,47.765122],[-1.807717,47.765711],[-1.807356,47.765573],[-1.803523,47.766205],[-1.802352,47.766607],[-1.801616,47.766588],[-1.801469,47.766413],[-1.800673,47.766486],[-1.799378,47.766721],[-1.799162,47.766829],[-1.798834,47.76686],[-1.798249,47.766821],[-1.797951,47.766841],[-1.797824,47.767118],[-1.797646,47.767134],[-1.797274,47.766986],[-1.796702,47.766946],[-1.796119,47.766927],[-1.79569,47.766609],[-1.795206,47.766556],[-1.795003,47.766432],[-1.79443,47.766382],[-1.794218,47.766328],[-1.79363,47.765906],[-1.793444,47.765852],[-1.793364,47.766115],[-1.793666,47.766555],[-1.794089,47.766855],[-1.794121,47.767259],[-1.794024,47.767431],[-1.793681,47.767627],[-1.793598,47.767767],[-1.793521,47.76801],[-1.79349,47.768363],[-1.793261,47.768846],[-1.792933,47.769456],[-1.792743,47.769609],[-1.79214,47.770012],[-1.790268,47.770953],[-1.788599,47.771822],[-1.787879,47.772029],[-1.782658,47.772753],[-1.781922,47.772735],[-1.781249,47.772669],[-1.778475,47.772411],[-1.778308,47.772537],[-1.777666,47.772915],[-1.77667,47.773481],[-1.775509,47.774121],[-1.774873,47.774519],[-1.774711,47.774681],[-1.776502,47.77575],[-1.777282,47.776233],[-1.778551,47.776978],[-1.779118,47.777325],[-1.778446,47.777856],[-1.778468,47.778126],[-1.779347,47.77913],[-1.780763,47.780161],[-1.782726,47.782207],[-1.783132,47.782536],[-1.783174,47.782645],[-1.783582,47.782919],[-1.783865,47.783037],[-1.784204,47.783329],[-1.784649,47.783501],[-1.78478,47.783699],[-1.785422,47.784512],[-1.785944,47.785133],[-1.785611,47.785301],[-1.785455,47.78575],[-1.785507,47.786162],[-1.787673,47.788247],[-1.787957,47.788461],[-1.787702,47.788606],[-1.789662,47.79056],[-1.789476,47.790738],[-1.789797,47.791072],[-1.788711,47.791614],[-1.787722,47.792126],[-1.785627,47.793195],[-1.783318,47.794387],[-1.782668,47.794718],[-1.778937,47.796636],[-1.777126,47.797554],[-1.774355,47.798974],[-1.774632,47.799339],[-1.774159,47.799696],[-1.774987,47.800403],[-1.775921,47.801589],[-1.775452,47.801783],[-1.776062,47.802211],[-1.77681,47.802987],[-1.771126,47.80477],[-1.769744,47.80521],[-1.768209,47.80569],[-1.768141,47.805736],[-1.768521,47.80725],[-1.768932,47.80887],[-1.769167,47.809854],[-1.76928,47.810285],[-1.76932,47.810561],[-1.770715,47.811102],[-1.770147,47.81156],[-1.769738,47.811956],[-1.769664,47.812102],[-1.769553,47.812532],[-1.769327,47.813867],[-1.76922,47.814642],[-1.769023,47.81647],[-1.768898,47.817226],[-1.768249,47.816941],[-1.765902,47.815988],[-1.764804,47.815621],[-1.760655,47.815591],[-1.759566,47.815563],[-1.759542,47.81555],[-1.756264,47.813368],[-1.756132,47.813307],[-1.75582,47.813262],[-1.755665,47.81327],[-1.75544,47.813338],[-1.755306,47.813451],[-1.754707,47.814166],[-1.754658,47.814284],[-1.754623,47.814958],[-1.75459,47.815952],[-1.754554,47.817579],[-1.754473,47.817697],[-1.751066,47.820572],[-1.751018,47.820643],[-1.750443,47.822011],[-1.750162,47.822642],[-1.749854,47.823158],[-1.749098,47.823904],[-1.748575,47.824479],[-1.747571,47.825319],[-1.746953,47.825417],[-1.747137,47.825561],[-1.747594,47.826211],[-1.747706,47.826245],[-1.747843,47.826481],[-1.747962,47.826772],[-1.748079,47.827286],[-1.748287,47.828076],[-1.748639,47.82828],[-1.748758,47.828476],[-1.748971,47.828593],[-1.749179,47.829084],[-1.749027,47.829209],[-1.749362,47.830347],[-1.749495,47.832053],[-1.749424,47.83374],[-1.74754,47.833985],[-1.746667,47.834064],[-1.746646,47.834805],[-1.746693,47.835506],[-1.746548,47.836031],[-1.746508,47.836618],[-1.746592,47.837061],[-1.746881,47.837959],[-1.746897,47.838181],[-1.746808,47.838509],[-1.74656,47.839121],[-1.746635,47.839539],[-1.746646,47.840213],[-1.746527,47.840397],[-1.74639,47.841213],[-1.746222,47.841773],[-1.74608,47.842002],[-1.746038,47.842251],[-1.746034,47.842973],[-1.746093,47.843903],[-1.746165,47.844376],[-1.74636,47.84494],[-1.746562,47.845388],[-1.747188,47.84511],[-1.747428,47.845036],[-1.747751,47.845028],[-1.748556,47.845065],[-1.749535,47.845131],[-1.749799,47.845108],[-1.750122,47.845171],[-1.750625,47.845205],[-1.751227,47.845223],[-1.752102,47.845298],[-1.752677,47.845398],[-1.753283,47.845548],[-1.754081,47.845768],[-1.754758,47.84602],[-1.755716,47.846438],[-1.758255,47.847781],[-1.760908,47.84903],[-1.761084,47.849249],[-1.761568,47.848747],[-1.762768,47.848931],[-1.763492,47.848761],[-1.764133,47.847985],[-1.764492,47.847684],[-1.764391,47.847096],[-1.765243,47.847142],[-1.764962,47.846595],[-1.765096,47.846354],[-1.765434,47.846129],[-1.766105,47.845636],[-1.767612,47.845341],[-1.768817,47.845099],[-1.769155,47.845111],[-1.76994,47.845507],[-1.770285,47.845634],[-1.77056,47.845646],[-1.77326,47.845525],[-1.773886,47.845605],[-1.775788,47.845988],[-1.777495,47.846424],[-1.778123,47.846762],[-1.778478,47.847019],[-1.779092,47.847178],[-1.781388,47.847473],[-1.781941,47.847459],[-1.782006,47.84767],[-1.782113,47.848178],[-1.782136,47.848579],[-1.782068,47.848897],[-1.781881,47.849226],[-1.781697,47.849416],[-1.780813,47.850064],[-1.779771,47.850891],[-1.779199,47.851323],[-1.778731,47.851708],[-1.778252,47.852193],[-1.777853,47.852708],[-1.777669,47.853099],[-1.777549,47.853618],[-1.777412,47.854537],[-1.777236,47.855041],[-1.776792,47.85579],[-1.776606,47.856053],[-1.776297,47.85654],[-1.775963,47.857171],[-1.775826,47.857518],[-1.775737,47.857835],[-1.775688,47.858173],[-1.775665,47.858545],[-1.775671,47.858922],[-1.775719,47.859378],[-1.77584,47.860283],[-1.775853,47.860784],[-1.775847,47.861432],[-1.775944,47.862004],[-1.776138,47.862435],[-1.776397,47.862901],[-1.776527,47.863251],[-1.776698,47.863944],[-1.77686,47.864196],[-1.777023,47.864713],[-1.777246,47.86512],[-1.776293,47.865378],[-1.776315,47.865648],[-1.777238,47.866928],[-1.777184,47.867175],[-1.777199,47.867858],[-1.777183,47.868329],[-1.777057,47.869649],[-1.777108,47.870022],[-1.777505,47.871301],[-1.777642,47.872214],[-1.777672,47.872656],[-1.777646,47.873159],[-1.777616,47.874499],[-1.777647,47.874955],[-1.777724,47.875736],[-1.777847,47.876373],[-1.778043,47.876724],[-1.778338,47.877105],[-1.778881,47.877671],[-1.779059,47.877896],[-1.779323,47.87828],[-1.779616,47.878763],[-1.780622,47.87983],[-1.781436,47.880593],[-1.782054,47.881124],[-1.782554,47.881425],[-1.783595,47.882122],[-1.78375,47.882248],[-1.783926,47.882497],[-1.784197,47.88278],[-1.784397,47.882942],[-1.78476,47.883298],[-1.785027,47.883615],[-1.785143,47.883801],[-1.785418,47.88438],[-1.785519,47.884746],[-1.785607,47.885336],[-1.785687,47.885635],[-1.78581,47.885794],[-1.78596,47.886079],[-1.78599,47.886617],[-1.785984,47.887196],[-1.785942,47.887739],[-1.785988,47.888023],[-1.786113,47.888415],[-1.786273,47.888806],[-1.786393,47.889195],[-1.786401,47.889705],[-1.786336,47.88999],[-1.786179,47.890286],[-1.785895,47.890579],[-1.785459,47.890871],[-1.785182,47.890967],[-1.78452,47.891143],[-1.783561,47.891365],[-1.783327,47.891443],[-1.782267,47.891681],[-1.781796,47.891849],[-1.781336,47.891963],[-1.780876,47.892017],[-1.780294,47.89214],[-1.779731,47.8922],[-1.777904,47.89232],[-1.776501,47.892352],[-1.775468,47.892418],[-1.775252,47.89245],[-1.774306,47.892655],[-1.773715,47.892871],[-1.773036,47.893082],[-1.772651,47.893186],[-1.771797,47.893385],[-1.771451,47.893426],[-1.771198,47.893487],[-1.770188,47.893621],[-1.769286,47.893754],[-1.768419,47.893864],[-1.767096,47.894061],[-1.766251,47.894221],[-1.765466,47.894281],[-1.764222,47.89432],[-1.763998,47.89434],[-1.763442,47.894433],[-1.762938,47.894585],[-1.761155,47.895423],[-1.76074,47.895598],[-1.759662,47.895986],[-1.759292,47.89616],[-1.758672,47.896577],[-1.758258,47.896925],[-1.757849,47.897425],[-1.757698,47.897719],[-1.757577,47.898102],[-1.757306,47.899113],[-1.757303,47.899325],[-1.756925,47.89955],[-1.756761,47.899677],[-1.756631,47.89983],[-1.755984,47.90037],[-1.755517,47.900654],[-1.754847,47.90097],[-1.754428,47.901121],[-1.754014,47.901308],[-1.753646,47.901574],[-1.753159,47.901869],[-1.752765,47.90209],[-1.752219,47.90246],[-1.751705,47.902823],[-1.751505,47.903036],[-1.751387,47.903248],[-1.751186,47.903489],[-1.750726,47.903944],[-1.750563,47.90414],[-1.750395,47.904201],[-1.749912,47.904677],[-1.749645,47.904914],[-1.749586,47.905084],[-1.749267,47.905255],[-1.749022,47.905348],[-1.7485,47.905737],[-1.748312,47.90594],[-1.747866,47.906183],[-1.747619,47.906231],[-1.747161,47.906431],[-1.746947,47.906599],[-1.746664,47.906706],[-1.746101,47.906782],[-1.745662,47.906757],[-1.745177,47.9067],[-1.744407,47.906576],[-1.743882,47.906606],[-1.743523,47.906604],[-1.742606,47.906395],[-1.741927,47.906309],[-1.741628,47.906305],[-1.741072,47.906261],[-1.740105,47.905903],[-1.739736,47.905899],[-1.739641,47.905731],[-1.739348,47.905403],[-1.739132,47.905349],[-1.738858,47.905448],[-1.738057,47.905042],[-1.737798,47.904934],[-1.737289,47.904808],[-1.736577,47.904674],[-1.736106,47.904535],[-1.735597,47.90425],[-1.734754,47.903953],[-1.734427,47.903827],[-1.733816,47.903523],[-1.733515,47.903309],[-1.732785,47.902923],[-1.732226,47.902669],[-1.731918,47.90259],[-1.731222,47.902495],[-1.730337,47.902478],[-1.729928,47.902482],[-1.72941,47.902522],[-1.729076,47.902604],[-1.728627,47.902906],[-1.727512,47.903514],[-1.7269,47.90377],[-1.726377,47.903885],[-1.725958,47.903833],[-1.725314,47.903834],[-1.724566,47.903855],[-1.723274,47.903952],[-1.722534,47.904034],[-1.721982,47.904147],[-1.721688,47.904233],[-1.721273,47.904298],[-1.720604,47.90431],[-1.720032,47.904248],[-1.719108,47.904164],[-1.718046,47.904124],[-1.717351,47.90403],[-1.716759,47.903988],[-1.716305,47.903938],[-1.715384,47.903768],[-1.715236,47.90372],[-1.714721,47.90348],[-1.714033,47.903111],[-1.713666,47.90299],[-1.713368,47.902857],[-1.713192,47.902728],[-1.712975,47.902462],[-1.712425,47.902536],[-1.712094,47.902562],[-1.710832,47.902697],[-1.71044,47.902796],[-1.710099,47.902977],[-1.709534,47.903086],[-1.70909,47.903236],[-1.708881,47.903222],[-1.708686,47.903401],[-1.707411,47.903703],[-1.707038,47.903916],[-1.706821,47.904],[-1.706698,47.904208],[-1.706114,47.904447],[-1.705802,47.904533],[-1.705473,47.904756],[-1.705252,47.904821],[-1.704957,47.904859],[-1.703698,47.90494],[-1.703427,47.90503],[-1.703112,47.90526],[-1.70258,47.905999],[-1.700499,47.905936],[-1.699811,47.90569],[-1.699003,47.905627],[-1.698007,47.905752],[-1.697442,47.905366],[-1.696363,47.905268],[-1.696079,47.905053],[-1.695928,47.904833],[-1.695535,47.904937],[-1.695222,47.905217],[-1.694957,47.905272],[-1.693281,47.90524],[-1.691935,47.905151],[-1.692339,47.903426],[-1.692569,47.902922],[-1.693072,47.9025],[-1.692284,47.90125],[-1.691572,47.901413],[-1.690728,47.901682],[-1.689142,47.902811],[-1.688682,47.902978],[-1.688384,47.903191],[-1.688327,47.903285],[-1.68817,47.903706],[-1.687557,47.904588],[-1.68731,47.904664],[-1.686279,47.90515],[-1.686674,47.906413],[-1.687175,47.907166],[-1.686901,47.90795],[-1.686895,47.908112],[-1.687065,47.90858],[-1.687111,47.908828],[-1.687183,47.908982],[-1.686461,47.90928],[-1.686411,47.909367],[-1.686238,47.910002],[-1.685965,47.911165],[-1.684994,47.911603],[-1.684922,47.913481],[-1.684635,47.913548],[-1.684232,47.91404],[-1.684053,47.914159],[-1.683688,47.914327],[-1.68342,47.914645],[-1.683413,47.914842],[-1.683466,47.915262],[-1.683329,47.915647],[-1.6832,47.915877],[-1.683096,47.916448],[-1.682897,47.916858],[-1.682764,47.91703],[-1.682245,47.917358],[-1.682092,47.917547],[-1.681915,47.917693],[-1.68163,47.917802],[-1.681382,47.917838],[-1.680826,47.917675],[-1.68062,47.917553],[-1.680355,47.917329],[-1.680101,47.917249],[-1.679773,47.91705],[-1.679578,47.916972],[-1.678918,47.916811],[-1.678537,47.916768],[-1.678332,47.916818],[-1.677849,47.917074],[-1.677621,47.917109],[-1.676985,47.917286],[-1.676677,47.917352],[-1.676462,47.917544],[-1.676205,47.91803],[-1.676106,47.918385],[-1.675914,47.918617],[-1.675614,47.918782],[-1.675509,47.919053],[-1.675396,47.919226],[-1.675198,47.919374],[-1.674705,47.919503],[-1.674606,47.919579],[-1.674769,47.920079],[-1.67473,47.92039],[-1.674582,47.920648],[-1.674043,47.920724],[-1.67369,47.920749],[-1.673527,47.920811],[-1.673165,47.921274],[-1.672746,47.921542],[-1.672483,47.922226],[-1.672263,47.922641],[-1.672067,47.922803],[-1.671426,47.92291],[-1.670964,47.923164],[-1.670427,47.923267],[-1.670204,47.923373],[-1.669939,47.923453],[-1.669627,47.923491],[-1.66885,47.923448],[-1.668578,47.923457],[-1.668353,47.923521],[-1.66799,47.923688],[-1.667683,47.923783],[-1.666876,47.923924],[-1.666523,47.923936],[-1.6661,47.923908],[-1.666978,47.924945],[-1.667136,47.924957],[-1.667301,47.925051],[-1.667841,47.925408],[-1.668181,47.925601],[-1.669177,47.926465],[-1.669455,47.92659],[-1.671271,47.927563],[-1.672104,47.92794],[-1.672591,47.928193],[-1.672468,47.928332],[-1.672024,47.928663],[-1.671719,47.929934],[-1.671846,47.930317],[-1.673645,47.929977],[-1.674823,47.929767],[-1.675184,47.929691],[-1.676381,47.929533],[-1.677833,47.929331],[-1.677833,47.930174],[-1.678775,47.930232],[-1.680961,47.930788],[-1.682821,47.931444],[-1.684051,47.931761],[-1.684295,47.934094],[-1.684295,47.936955],[-1.6849,47.936995],[-1.685414,47.936916],[-1.685474,47.936767],[-1.685808,47.936921],[-1.686074,47.936956],[-1.686212,47.936899],[-1.686521,47.936874],[-1.686706,47.936903],[-1.68691,47.936865],[-1.687591,47.936854],[-1.688091,47.936788],[-1.688401,47.936817],[-1.688733,47.9366],[-1.688952,47.936638],[-1.689133,47.936602],[-1.68925,47.936452],[-1.689368,47.936391],[-1.690167,47.936381],[-1.690511,47.936365],[-1.6908,47.936156],[-1.69161,47.936003],[-1.692077,47.935987],[-1.692817,47.936007],[-1.693752,47.935974],[-1.696299,47.935831],[-1.698359,47.935771],[-1.699397,47.935329],[-1.700058,47.935217],[-1.701596,47.935164],[-1.702952,47.935387],[-1.705112,47.935583],[-1.705445,47.935571],[-1.706032,47.935654],[-1.706241,47.935633],[-1.706699,47.935303],[-1.707232,47.935339],[-1.707645,47.935417],[-1.708106,47.93562],[-1.708376,47.935671],[-1.708778,47.935677],[-1.709471,47.935643],[-1.710001,47.935564],[-1.710519,47.935567],[-1.711278,47.93579],[-1.711693,47.935775],[-1.711843,47.935809],[-1.712199,47.935797],[-1.71229,47.935845],[-1.712357,47.936121],[-1.712433,47.936148],[-1.71272,47.936028],[-1.713489,47.935614],[-1.713983,47.935267],[-1.71426,47.935019],[-1.714607,47.934907],[-1.7148,47.93492],[-1.715349,47.934911],[-1.715612,47.934862],[-1.715857,47.934784],[-1.716571,47.934778],[-1.716625,47.934728],[-1.71664,47.934509],[-1.717287,47.934323],[-1.717708,47.934429],[-1.717927,47.934299],[-1.718471,47.934304],[-1.718685,47.934377],[-1.718955,47.934366],[-1.719531,47.934501],[-1.719797,47.934688],[-1.720707,47.935079],[-1.721147,47.935359],[-1.721351,47.935563],[-1.721367,47.935774],[-1.721254,47.936214],[-1.721037,47.93639],[-1.72076,47.93685],[-1.720457,47.937283],[-1.720113,47.937435],[-1.719953,47.937539],[-1.720037,47.937859],[-1.720251,47.938054],[-1.720543,47.938137],[-1.721282,47.938294],[-1.721605,47.938341],[-1.721826,47.938205],[-1.722079,47.93821],[-1.72232,47.938089],[-1.722378,47.938017],[-1.72269,47.938006],[-1.72305,47.938036],[-1.723325,47.938082],[-1.723629,47.938213],[-1.724009,47.938524],[-1.724395,47.938917],[-1.724711,47.939217],[-1.725172,47.939496],[-1.725367,47.939573],[-1.725851,47.939612],[-1.726333,47.939624],[-1.726792,47.939608],[-1.727393,47.939531],[-1.727665,47.939521],[-1.727984,47.939566],[-1.728499,47.939732],[-1.728772,47.939751],[-1.72926,47.939832],[-1.729658,47.940086],[-1.730046,47.940241],[-1.730799,47.940496],[-1.731397,47.940658],[-1.731812,47.940869],[-1.731924,47.940991],[-1.732169,47.941181],[-1.732538,47.941324],[-1.732939,47.941296],[-1.733004,47.941253],[-1.733111,47.941043],[-1.733182,47.940984],[-1.73339,47.940966],[-1.733837,47.941044],[-1.734164,47.941232],[-1.734954,47.94112],[-1.735811,47.940956],[-1.736226,47.941121],[-1.736515,47.941382],[-1.736957,47.941906],[-1.738085,47.942632],[-1.738591,47.94311],[-1.739132,47.944036],[-1.739718,47.944692],[-1.740573,47.945337],[-1.741413,47.945802],[-1.741708,47.946153],[-1.741916,47.94658],[-1.74218,47.946801],[-1.742442,47.946983],[-1.743269,47.947269],[-1.743837,47.9477],[-1.744223,47.948167],[-1.744375,47.948229],[-1.744663,47.948273],[-1.744949,47.948353],[-1.745422,47.948215],[-1.745954,47.947932],[-1.746338,47.947838],[-1.746616,47.947673],[-1.747223,47.947665],[-1.747932,47.947781],[-1.748821,47.948329],[-1.7489,47.948529],[-1.748821,47.948668],[-1.748883,47.948953],[-1.7489,47.949255],[-1.749058,47.949471],[-1.749226,47.949491],[-1.749821,47.949433]]]]}}]}